{"Mean":{"confidence_interval":{"confidence_level":0.95,"lower_bound":1656.5750604934146,"upper_bound":1702.3627157209294},"point_estimate":1679.3367577976762,"standard_error":11.713447710937473},"Median":{"confidence_interval":{"confidence_level":0.95,"lower_bound":1646.7162975235437,"upper_bound":1712.2806851618327},"point_estimate":1667.0882152676904,"standard_error":19.180563483846317},"MedianAbsDev":{"confidence_interval":{"confidence_level":0.95,"lower_bound":100.31106502334346,"upper_bound":156.76257942161573},"point_estimate":133.77959268148868,"standard_error":13.856273532563929},"Slope":{"confidence_interval":{"confidence_level":0.95,"lower_bound":1669.097815421401,"upper_bound":1721.8333459886305},"point_estimate":1695.4324939617768,"standard_error":13.450422052794874},"StdDev":{"confidence_interval":{"confidence_level":0.95,"lower_bound":102.41176941340503,"upper_bound":132.22645581051788},"point_estimate":118.04946116672821,"standard_error":7.607738797656149}}