{"Mean":{"confidence_interval":{"confidence_level":0.95,"lower_bound":50293.96670711771,"upper_bound":58674.185480823544},"point_estimate":54521.209486367174,"standard_error":2144.1677129939203},"Median":{"confidence_interval":{"confidence_level":0.95,"lower_bound":53825.06705118962,"upper_bound":59991.27118644068},"point_estimate":56619.95851851852,"standard_error":1708.1903310152618},"MedianAbsDev":{"confidence_interval":{"confidence_level":0.95,"lower_bound":8221.310248605787,"upper_bound":15465.546647579222},"point_estimate":10710.631676514944,"standard_error":1822.7789746901037},"Slope":{"confidence_interval":{"confidence_level":0.95,"lower_bound":35178.71996346528,"upper_bound":45346.77005027161},"point_estimate":40053.17527116891,"standard_error":2598.196614637344},"StdDev":{"confidence_interval":{"confidence_level":0.95,"lower_bound":18167.91755131361,"upper_bound":24445.697158845574},"point_estimate":21549.823284700717,"standard_error":1599.6788211245616}}