{"Mean":{"confidence_interval":{"confidence_level":0.95,"lower_bound":366155.2822939024,"upper_bound":388595.7999684605},"point_estimate":377906.2974143617,"standard_error":5718.062725068559},"Median":{"confidence_interval":{"confidence_level":0.95,"lower_bound":380512.7159090909,"upper_bound":393146.0172413793},"point_estimate":383317.62741935486,"standard_error":3152.669185429591},"MedianAbsDev":{"confidence_interval":{"confidence_level":0.95,"lower_bound":16162.91436499828,"upper_bound":48949.21936391245},"point_estimate":30332.740601185047,"standard_error":8492.772043449624},"Slope":{"confidence_interval":{"confidence_level":0.95,"lower_bound":369279.00911209645,"upper_bound":393349.3827735674},"point_estimate":382200.03187379934,"standard_error":6141.173025711462},"StdDev":{"confidence_interval":{"confidence_level":0.95,"lower_bound":43090.977079457254,"upper_bound":70157.68231938743},"point_estimate":57620.59637544176,"standard_error":6909.358470336254}}