{"Mean":{"confidence_interval":{"confidence_level":0.95,"lower_bound":1269.8675881063425,"upper_bound":1322.6705898410921},"point_estimate":1294.6493689194983,"standard_error":13.48167526941981},"Median":{"confidence_interval":{"confidence_level":0.95,"lower_bound":1250.8144423158792,"upper_bound":1293.465444403429},"point_estimate":1280.4895627334652,"standard_error":9.806019411160712},"MedianAbsDev":{"confidence_interval":{"confidence_level":0.95,"lower_bound":75.82468113277304,"upper_bound":137.73817948110354},"point_estimate":103.91259426334395,"standard_error":16.310850587966733},"Slope":{"confidence_interval":{"confidence_level":0.95,"lower_bound":1257.295599960689,"upper_bound":1297.504683305822},"point_estimate":1276.9207235458207,"standard_error":10.26352543837123},"StdDev":{"confidence_interval":{"confidence_level":0.95,"lower_bound":94.50081185518371,"upper_bound":183.8049370223812},"point_estimate":136.04277444914624,"standard_error":24.885681852777804}}