{"Mean":{"confidence_interval":{"confidence_level":0.95,"lower_bound":60491.53445870595,"upper_bound":63008.99174442412},"point_estimate":61701.03779457002,"standard_error":642.6069816331419},"Median":{"confidence_interval":{"confidence_level":0.95,"lower_bound":60444.755494505494,"upper_bound":61383.36263736264},"point_estimate":60888.83152033152,"standard_error":253.95904985478057},"MedianAbsDev":{"confidence_interval":{"confidence_level":0.95,"lower_bound":1840.1766304695439,"upper_bound":3927.7909866443347},"point_estimate":2730.063831709192,"standard_error":534.6131016794305},"Slope":{"confidence_interval":{"confidence_level":0.95,"lower_bound":59909.99636577326,"upper_bound":62901.117519212705},"point_estimate":61315.98451671573,"standard_error":762.0765229770353},"StdDev":{"confidence_interval":{"confidence_level":0.95,"lower_bound":4789.514590418889,"upper_bound":7893.590282356816},"point_estimate":6438.6975354554215,"standard_error":796.7372483225515}}