{"Mean":{"confidence_interval":{"confidence_level":0.95,"lower_bound":2418.5325059835664,"upper_bound":2489.343683261225},"point_estimate":2452.1751896439573,"standard_error":18.080543379955543},"Median":{"confidence_interval":{"confidence_level":0.95,"lower_bound":2364.9040702314446,"upper_bound":2402.526111246053},"point_estimate":2380.982142004488,"standard_error":10.054493277622093},"MedianAbsDev":{"confidence_interval":{"confidence_level":0.95,"lower_bound":47.92164641053341,"upper_bound":94.88987474354066},"point_estimate":67.40841890028115,"standard_error":12.789779053988294},"Slope":{"confidence_interval":{"confidence_level":0.95,"lower_bound":2424.9539522764194,"upper_bound":2524.5828043268675},"point_estimate":2471.806836190748,"standard_error":25.486939298656534},"StdDev":{"confidence_interval":{"confidence_level":0.95,"lower_bound":136.41823547397064,"upper_bound":218.43803774630467},"point_estimate":181.46786088621747,"standard_error":20.99267849048467}}