{"Mean":{"confidence_interval":{"confidence_level":0.95,"lower_bound":32101.225096154383,"upper_bound":32777.66119872784},"point_estimate":32410.061339776403,"standard_error":173.47501011404998},"Median":{"confidence_interval":{"confidence_level":0.95,"lower_bound":32026.253076155637,"upper_bound":32151.040322580644},"point_estimate":32072.657127991675,"standard_error":32.12552906130411},"MedianAbsDev":{"confidence_interval":{"confidence_level":0.95,"lower_bound":301.4770291332061,"upper_bound":607.339072144405},"point_estimate":495.5591403434577,"standard_error":73.52637120863331},"Slope":{"confidence_interval":{"confidence_level":0.95,"lower_bound":31970.16150322814,"upper_bound":32822.89063451037},"point_estimate":32312.039490983283,"standard_error":224.38035112177502},"StdDev":{"confidence_interval":{"confidence_level":0.95,"lower_bound":991.8972209142881,"upper_bound":2341.1062844590106},"point_estimate":1736.6500906785116,"standard_error":355.67820101309997}}