{"Mean":{"confidence_interval":{"confidence_level":0.95,"lower_bound":366556.96059612295,"upper_bound":388734.88646496227},"point_estimate":378062.9709139193,"standard_error":5656.855650502829},"Median":{"confidence_interval":{"confidence_level":0.95,"lower_bound":376928.422448568,"upper_bound":390425.5},"point_estimate":380578.28921568627,"standard_error":3837.0405786637507},"MedianAbsDev":{"confidence_interval":{"confidence_level":0.95,"lower_bound":17167.167423738447,"upper_bound":40075.45333695598},"point_estimate":26988.28261476465,"standard_error":5973.048945665519},"Slope":{"confidence_interval":{"confidence_level":0.95,"lower_bound":366633.04853284365,"upper_bound":395453.24525540735},"point_estimate":381815.0671198463,"standard_error":7359.180162771022},"StdDev":{"confidence_interval":{"confidence_level":0.95,"lower_bound":43095.73336625419,"upper_bound":68646.41228498718},"point_estimate":57053.44322345625,"standard_error":6513.216058558024}}