{"Mean":{"confidence_interval":{"confidence_level":0.95,"lower_bound":6585.119303593133,"upper_bound":7786.2028109108915},"point_estimate":7188.248268815243,"standard_error":306.0114793505326},"Median":{"confidence_interval":{"confidence_level":0.95,"lower_bound":7939.716254295533,"upper_bound":8873.911764705883},"point_estimate":8382.428858290303,"standard_error":325.6328242766888},"MedianAbsDev":{"confidence_interval":{"confidence_level":0.95,"lower_bound":1708.0073352323657,"upper_bound":4154.685475479186},"point_estimate":3194.5178645256483,"standard_error":652.3635815771569},"Slope":{"confidence_interval":{"confidence_level":0.95,"lower_bound":8337.65114696771,"upper_bound":8840.903227428695},"point_estimate":8596.688305009606,"standard_error":127.72135801548573},"StdDev":{"confidence_interval":{"confidence_level":0.95,"lower_bound":2812.186909402556,"upper_bound":3286.367389558055},"point_estimate":3069.378862368376,"standard_error":120.57005239388081}}