{"Mean":{"confidence_interval":{"confidence_level":0.95,"lower_bound":30859.7807887288,"upper_bound":34121.01450164781},"point_estimate":32516.624802471782,"standard_error":832.4739974336063},"Median":{"confidence_interval":{"confidence_level":0.95,"lower_bound":32323.833333333332,"upper_bound":33793.06785714286},"point_estimate":32705.44758064516,"standard_error":350.9163815096974},"MedianAbsDev":{"confidence_interval":{"confidence_level":0.95,"lower_bound":2080.8772662767415,"upper_bound":5739.998680467331},"point_estimate":3120.282579397725,"standard_error":857.4960553341604},"Slope":{"confidence_interval":{"confidence_level":0.95,"lower_bound":29516.602224990263,"upper_bound":33202.1163352068},"point_estimate":31442.559717747896,"standard_error":941.7049021457067},"StdDev":{"confidence_interval":{"confidence_level":0.95,"lower_bound":6819.941233267844,"upper_bound":9697.174940894669},"point_estimate":8381.444458348034,"standard_error":735.2081775142542}}