{"Mean":{"confidence_interval":{"confidence_level":0.95,"lower_bound":3922.7243565134204,"upper_bound":4166.42630157027},"point_estimate":4030.3896267847504,"standard_error":62.326687351168246},"Median":{"confidence_interval":{"confidence_level":0.95,"lower_bound":3801.6462802530255,"upper_bound":4053.9675702864406},"point_estimate":3889.696051114906,"standard_error":72.18199119998248},"MedianAbsDev":{"confidence_interval":{"confidence_level":0.95,"lower_bound":304.42699522698473,"upper_bound":470.7823499355425},"point_estimate":390.72710238889954,"standard_error":44.118163460133964},"Slope":{"confidence_interval":{"confidence_level":0.95,"lower_bound":3811.462490568964,"upper_bound":3980.725370831746},"point_estimate":3890.598898439866,"standard_error":43.2420139522232},"StdDev":{"confidence_interval":{"confidence_level":0.95,"lower_bound":329.91486035392927,"upper_bound":930.5102413704524},"point_estimate":624.2441988129965,"standard_error":174.33620080679614}}