{"Mean":{"confidence_interval":{"confidence_level":0.95,"lower_bound":44589.32710988035,"upper_bound":47919.72272022046},"point_estimate":46335.46483542675,"standard_error":853.1342776935434},"Median":{"confidence_interval":{"confidence_level":0.95,"lower_bound":46294.01612903226,"upper_bound":48456.93197936815},"point_estimate":47632.96531165311,"standard_error":570.7143741158496},"MedianAbsDev":{"confidence_interval":{"confidence_level":0.95,"lower_bound":2778.1436544248654,"upper_bound":5744.536340777247},"point_estimate":4240.404496684986,"standard_error":719.9493247898217},"Slope":{"confidence_interval":{"confidence_level":0.95,"lower_bound":39388.42113866036,"upper_bound":46017.72259114768},"point_estimate":42862.64642234373,"standard_error":1698.9655965791098},"StdDev":{"confidence_interval":{"confidence_level":0.95,"lower_bound":6055.309368025415,"upper_bound":10703.104414169231},"point_estimate":8608.390790188476,"standard_error":1190.2571764482893}}