{"Mean":{"confidence_interval":{"confidence_level":0.95,"lower_bound":22247.92793531719,"upper_bound":22598.635083393034},"point_estimate":22425.765362168546,"standard_error":89.53795165541672},"Median":{"confidence_interval":{"confidence_level":0.95,"lower_bound":22299.343434343435,"upper_bound":22446.344520547944},"point_estimate":22357.58170995671,"standard_error":32.64415241587084},"MedianAbsDev":{"confidence_interval":{"confidence_level":0.95,"lower_bound":271.25869006155745,"upper_bound":546.3877943226661},"point_estimate":403.11978960991513,"standard_error":71.69029433206396},"Slope":{"confidence_interval":{"confidence_level":0.95,"lower_bound":22286.774853370767,"upper_bound":22500.894797465335},"point_estimate":22392.701025565242,"standard_error":54.599713161512135},"StdDev":{"confidence_interval":{"confidence_level":0.95,"lower_bound":642.9573192078777,"upper_bound":1143.6010945388875},"point_estimate":898.0314666276615,"standard_error":128.8855654781854}}