{"Mean":{"confidence_interval":{"confidence_level":0.95,"lower_bound":25227.691008718208,"upper_bound":27379.018032455548},"point_estimate":26296.775139871752,"standard_error":547.5337801511936},"Median":{"confidence_interval":{"confidence_level":0.95,"lower_bound":24594.87257495591,"upper_bound":26696.891666666666},"point_estimate":25331.380128205128,"standard_error":545.8357217049588},"MedianAbsDev":{"confidence_interval":{"confidence_level":0.95,"lower_bound":2323.2506320873895,"upper_bound":4168.028510380507},"point_estimate":3326.7479239092872,"standard_error":430.49810037964755},"Slope":{"confidence_interval":{"confidence_level":0.95,"lower_bound":24332.00369348418,"upper_bound":25281.108247666838},"point_estimate":24766.375201221614,"standard_error":241.7359951807588},"StdDev":{"confidence_interval":{"confidence_level":0.95,"lower_bound":4195.417879610671,"upper_bound":6674.127419412502},"point_estimate":5498.529903905047,"standard_error":634.649184472583}}