{"Mean":{"confidence_interval":{"confidence_level":0.95,"lower_bound":5267.54853423955,"upper_bound":5483.978284355944},"point_estimate":5368.105691168441,"standard_error":55.363384306186},"Median":{"confidence_interval":{"confidence_level":0.95,"lower_bound":5079.746913580247,"upper_bound":5224.222618741427},"point_estimate":5136.4241622574955,"standard_error":39.24313351322555},"MedianAbsDev":{"confidence_interval":{"confidence_level":0.95,"lower_bound":133.59392392827135,"upper_bound":330.1141227663783},"point_estimate":212.5610800138479,"standard_error":54.78330508028474},"Slope":{"confidence_interval":{"confidence_level":0.95,"lower_bound":5350.31808656237,"upper_bound":5632.76586838421},"point_estimate":5494.355132186519,"standard_error":72.40379335382308},"StdDev":{"confidence_interval":{"confidence_level":0.95,"lower_bound":372.0862377613374,"upper_bound":761.3898138492503},"point_estimate":557.0316357699992,"standard_error":110.76143432887903}}