{"Mean":{"confidence_interval":{"confidence_level":0.95,"lower_bound":11549.585442576063,"upper_bound":13065.242815456759},"point_estimate":12313.391026931416,"standard_error":385.68909124244306},"Median":{"confidence_interval":{"confidence_level":0.95,"lower_bound":14043.313725490196,"upper_bound":14512.470713073006},"point_estimate":14373.67904109589,"standard_error":355.1259993791868},"MedianAbsDev":{"confidence_interval":{"confidence_level":0.95,"lower_bound":1532.0329842336178,"upper_bound":4620.895704161799},"point_estimate":2821.48930847109,"standard_error":841.9600513789368},"Slope":{"confidence_interval":{"confidence_level":0.95,"lower_bound":14130.610691078798,"upper_bound":15077.756782879773},"point_estimate":14650.75853701788,"standard_error":241.34359606225632},"StdDev":{"confidence_interval":{"confidence_level":0.95,"lower_bound":3568.5113745502485,"upper_bound":4093.9885991151964},"point_estimate":3874.1913170936796,"standard_error":133.22496538598335}}