{"Mean":{"confidence_interval":{"confidence_level":0.95,"lower_bound":10159.975908453407,"upper_bound":10295.6807487516},"point_estimate":10224.666005068111,"standard_error":34.636770600335254},"Median":{"confidence_interval":{"confidence_level":0.95,"lower_bound":10145.49332064881,"upper_bound":10231.127977892129},"point_estimate":10186.98871958422,"standard_error":19.982124258355334},"MedianAbsDev":{"confidence_interval":{"confidence_level":0.95,"lower_bound":127.96747181903072,"upper_bound":214.05157422397806},"point_estimate":176.01810909844752,"standard_error":22.906826797612567},"Slope":{"confidence_interval":{"confidence_level":0.95,"lower_bound":10191.71380186761,"upper_bound":10370.273364996916},"point_estimate":10271.03865394002,"standard_error":45.80505460033719},"StdDev":{"confidence_interval":{"confidence_level":0.95,"lower_bound":207.3521245333863,"upper_bound":463.39742137416636},"point_estimate":347.25897653196785,"standard_error":65.12827720203141}}