{"Mean":{"confidence_interval":{"confidence_level":0.95,"lower_bound":137584.27446796754,"upper_bound":139754.23263909022},"point_estimate":138616.81052646888,"standard_error":554.1361579842408},"Median":{"confidence_interval":{"confidence_level":0.95,"lower_bound":137418.4618226601,"upper_bound":139176.9214699074},"point_estimate":138626.31888888887,"standard_error":487.3626575038168},"MedianAbsDev":{"confidence_interval":{"confidence_level":0.95,"lower_bound":2869.4762918899305,"upper_bound":5154.793714617555},"point_estimate":4037.308844308253,"standard_error":547.1018907204458},"Slope":{"confidence_interval":{"confidence_level":0.95,"lower_bound":136904.5601090845,"upper_bound":139464.50326666055},"point_estimate":138107.4176119403,"standard_error":654.6543551986496},"StdDev":{"confidence_interval":{"confidence_level":0.95,"lower_bound":3896.548690156406,"upper_bound":7175.551895776783},"point_estimate":5561.0450100122725,"standard_error":847.9727003511839}}