{"Mean":{"confidence_interval":{"confidence_level":0.95,"lower_bound":16325.686282059765,"upper_bound":16634.91744215506},"point_estimate":16465.260720287137,"standard_error":79.5055709519097},"Median":{"confidence_interval":{"confidence_level":0.95,"lower_bound":16182.763802083333,"upper_bound":16259.498009634888},"point_estimate":16218.807938596492,"standard_error":19.25166571928235},"MedianAbsDev":{"confidence_interval":{"confidence_level":0.95,"lower_bound":83.7064046431764,"upper_bound":166.9924912218282},"point_estimate":119.78963939518887,"standard_error":21.368140789702316},"Slope":{"confidence_interval":{"confidence_level":0.95,"lower_bound":16262.375761075577,"upper_bound":16877.532262213397},"point_estimate":16513.98515664253,"standard_error":162.3384864092614},"StdDev":{"confidence_interval":{"confidence_level":0.95,"lower_bound":392.5803632736039,"upper_bound":1138.1965845056634},"point_estimate":797.9054632767817,"standard_error":193.5094413719088}}