{"Mean":{"confidence_interval":{"confidence_level":0.95,"lower_bound":6671.0515708875455,"upper_bound":7281.571744196141},"point_estimate":6941.502272523265,"standard_error":156.7293612834248},"Median":{"confidence_interval":{"confidence_level":0.95,"lower_bound":6361.152542372882,"upper_bound":6603.081018518518},"point_estimate":6477.506069651741,"standard_error":60.303682012711675},"MedianAbsDev":{"confidence_interval":{"confidence_level":0.95,"lower_bound":353.37132106511393,"upper_bound":693.5313009226525},"point_estimate":536.0438338952555,"standard_error":89.1181113856761},"Slope":{"confidence_interval":{"confidence_level":0.95,"lower_bound":6202.964521529782,"upper_bound":6316.679001704316},"point_estimate":6255.531241810748,"standard_error":28.924265070196245},"StdDev":{"confidence_interval":{"confidence_level":0.95,"lower_bound":747.3026164784386,"upper_bound":2310.425546478945},"point_estimate":1573.8496615418128,"standard_error":406.71058932920585}}