{"Mean":{"confidence_interval":{"confidence_level":0.95,"lower_bound":29560.18123365428,"upper_bound":30519.162901806874},"point_estimate":30027.485038785835,"standard_error":244.01707687920035},"Median":{"confidence_interval":{"confidence_level":0.95,"lower_bound":28800.17142857143,"upper_bound":29709.538235294116},"point_estimate":29160.951291079815,"standard_error":254.25836540049087},"MedianAbsDev":{"confidence_interval":{"confidence_level":0.95,"lower_bound":1098.8321935353079,"upper_bound":2577.7542142357133},"point_estimate":1755.6722890966312,"standard_error":392.9831083236925},"Slope":{"confidence_interval":{"confidence_level":0.95,"lower_bound":29542.992136665333,"upper_bound":30640.22549478001},"point_estimate":30086.041217674006,"standard_error":279.962328239471},"StdDev":{"confidence_interval":{"confidence_level":0.95,"lower_bound":1956.691974944956,"upper_bound":2977.057572098405},"point_estimate":2441.9569301628244,"standard_error":266.6609844551336}}