{"Mean":{"confidence_interval":{"confidence_level":0.95,"lower_bound":55876.68015383718,"upper_bound":62574.11599012213},"point_estimate":59326.222474494425,"standard_error":1703.3461040886443},"Median":{"confidence_interval":{"confidence_level":0.95,"lower_bound":60402.92857142857,"upper_bound":63507.25834879406},"point_estimate":61552.27747252748,"standard_error":821.6523431684269},"MedianAbsDev":{"confidence_interval":{"confidence_level":0.95,"lower_bound":4021.4449401050774,"upper_bound":14859.819545632887},"point_estimate":7521.827068940628,"standard_error":2703.458128015746},"Slope":{"confidence_interval":{"confidence_level":0.95,"lower_bound":56641.237828828715,"upper_bound":63462.6101538614},"point_estimate":60182.81260233486,"standard_error":1732.1843416859963},"StdDev":{"confidence_interval":{"confidence_level":0.95,"lower_bound":14114.427705795544,"upper_bound":19552.41808713279},"point_estimate":17129.051904273172,"standard_error":1387.8561786692205}}