{"Mean":{"confidence_interval":{"confidence_level":0.95,"lower_bound":1284.3827467758294,"upper_bound":1353.0297013841243},"point_estimate":1317.1935010979557,"standard_error":17.590937278905514},"Median":{"confidence_interval":{"confidence_level":0.95,"lower_bound":1246.5327771721097,"upper_bound":1299.921673482227},"point_estimate":1277.3466409094776,"standard_error":15.189603169149294},"MedianAbsDev":{"confidence_interval":{"confidence_level":0.95,"lower_bound":87.74136092152334,"upper_bound":142.67094939407164},"point_estimate":121.26887375494076,"standard_error":13.839458402771971},"Slope":{"confidence_interval":{"confidence_level":0.95,"lower_bound":1251.425173514526,"upper_bound":1296.6810472273069},"point_estimate":1274.0248463462262,"standard_error":11.507871833764131},"StdDev":{"confidence_interval":{"confidence_level":0.95,"lower_bound":127.73988161111266,"upper_bound":216.5418636078344},"point_estimate":175.91809344795502,"standard_error":22.785678172706643}}