{"Mean":{"confidence_interval":{"confidence_level":0.95,"lower_bound":33711.15681190513,"upper_bound":39318.370450427414},"point_estimate":36374.11682757109,"standard_error":1431.148519101891},"Median":{"confidence_interval":{"confidence_level":0.95,"lower_bound":29751.01818181818,"upper_bound":33305.40625},"point_estimate":32245.275,"standard_error":853.4395157967623},"MedianAbsDev":{"confidence_interval":{"confidence_level":0.95,"lower_bound":5640.425886918123,"upper_bound":9608.816737909405},"point_estimate":7193.049498927056,"standard_error":1012.5603042216572},"Slope":{"confidence_interval":{"confidence_level":0.95,"lower_bound":27368.3293886675,"upper_bound":29109.446577282957},"point_estimate":28157.513536279002,"standard_error":444.9537581470607},"StdDev":{"confidence_interval":{"confidence_level":0.95,"lower_bound":10775.754315819837,"upper_bound":17318.3931665574},"point_estimate":14405.88084842383,"standard_error":1669.6539625872092}}