{"Mean":{"confidence_interval":{"confidence_level":0.95,"lower_bound":21277.728007685233,"upper_bound":21609.887449757185},"point_estimate":21445.891153458666,"standard_error":84.74482152926502},"Median":{"confidence_interval":{"confidence_level":0.95,"lower_bound":21305.241379310344,"upper_bound":21531.033333333333},"point_estimate":21420.545634920636,"standard_error":48.60992848685066},"MedianAbsDev":{"confidence_interval":{"confidence_level":0.95,"lower_bound":332.5722050047528,"upper_bound":583.2442593758136},"point_estimate":423.6287653092739,"standard_error":63.30732168784176},"Slope":{"confidence_interval":{"confidence_level":0.95,"lower_bound":21033.078359845393,"upper_bound":21630.97791186049},"point_estimate":21347.342846165215,"standard_error":151.97244439507577},"StdDev":{"confidence_interval":{"confidence_level":0.95,"lower_bound":544.7787517225139,"upper_bound":1127.1539347812702},"point_estimate":853.3228861882623,"standard_error":148.87093242431436}}