{"Mean":{"confidence_interval":{"confidence_level":0.95,"lower_bound":55545.58529934968,"upper_bound":58782.71455748215},"point_estimate":57267.76003014081,"standard_error":825.2494324592966},"Median":{"confidence_interval":{"confidence_level":0.95,"lower_bound":56251.490056818184,"upper_bound":57519.95614035088},"point_estimate":56664.87630662021,"standard_error":309.86372832905386},"MedianAbsDev":{"confidence_interval":{"confidence_level":0.95,"lower_bound":1237.2952873439608,"upper_bound":3113.5414877235894},"point_estimate":1937.5084913397318,"standard_error":485.10857095348524},"Slope":{"confidence_interval":{"confidence_level":0.95,"lower_bound":56215.85089706196,"upper_bound":58491.97948860357},"point_estimate":57427.486376533176,"standard_error":579.935889864635},"StdDev":{"confidence_interval":{"confidence_level":0.95,"lower_bound":5105.776718472062,"upper_bound":10913.372535988745},"point_estimate":8281.558947109199,"standard_error":1483.1352392172862}}