{"Mean":{"confidence_interval":{"confidence_level":0.95,"lower_bound":5485.199976734539,"upper_bound":5770.274812848549},"point_estimate":5624.196605682209,"standard_error":72.77259801970915},"Median":{"confidence_interval":{"confidence_level":0.95,"lower_bound":5174.605337078651,"upper_bound":5416.133451606544},"point_estimate":5355.046614111394,"standard_error":67.40359695656676},"MedianAbsDev":{"confidence_interval":{"confidence_level":0.95,"lower_bound":280.38983706294295,"upper_bound":595.85959795354},"point_estimate":441.7276216903073,"standard_error":81.41157092442347},"Slope":{"confidence_interval":{"confidence_level":0.95,"lower_bound":5260.713031923425,"upper_bound":5490.364311255212},"point_estimate":5366.4407078136965,"standard_error":58.6088901724262},"StdDev":{"confidence_interval":{"confidence_level":0.95,"lower_bound":637.3083908224788,"upper_bound":803.1351698030028},"point_estimate":733.0551124702357,"standard_error":42.413928108434625}}