{"Mean":{"confidence_interval":{"confidence_level":0.95,"lower_bound":10315.303872064143,"upper_bound":12943.74892201172},"point_estimate":11585.924580555637,"standard_error":670.8843183842317},"Median":{"confidence_interval":{"confidence_level":0.95,"lower_bound":9435.164556962025,"upper_bound":11210.992370513646},"point_estimate":9963.741039426524,"standard_error":435.0959531284008},"MedianAbsDev":{"confidence_interval":{"confidence_level":0.95,"lower_bound":2366.7603341458203,"upper_bound":8397.471235823112},"point_estimate":4232.794952924102,"standard_error":1639.5930510346723},"Slope":{"confidence_interval":{"confidence_level":0.95,"lower_bound":8653.458710053388,"upper_bound":9578.542706985027},"point_estimate":9145.101147726713,"standard_error":235.12915552296872},"StdDev":{"confidence_interval":{"confidence_level":0.95,"lower_bound":5410.944971087791,"upper_bound":7898.619393904299},"point_estimate":6723.075193488674,"standard_error":636.752772529527}}