{"Mean":{"confidence_interval":{"confidence_level":0.95,"lower_bound":37947.39162200309,"upper_bound":39770.54039425167},"point_estimate":38962.84555501113,"standard_error":468.29902962925127},"Median":{"confidence_interval":{"confidence_level":0.95,"lower_bound":39569.114285714284,"upper_bound":40251.583333333336},"point_estimate":39919.59257958802,"standard_error":159.65043488198387},"MedianAbsDev":{"confidence_interval":{"confidence_level":0.95,"lower_bound":880.4939250098188,"upper_bound":1527.671545138841},"point_estimate":1268.8771971698932,"standard_error":171.05983704018095},"Slope":{"confidence_interval":{"confidence_level":0.95,"lower_bound":34994.67489898669,"upper_bound":39732.27972569468},"point_estimate":37544.68489138466,"standard_error":1199.6684943306102},"StdDev":{"confidence_interval":{"confidence_level":0.95,"lower_bound":1811.9892517853664,"upper_bound":6648.4919305794665},"point_estimate":4679.20218613382,"standard_error":1154.8577145877293}}