{"Mean":{"confidence_interval":{"confidence_level":0.95,"lower_bound":254247.99415011358,"upper_bound":271971.2598921105},"point_estimate":263423.9935463572,"standard_error":4541.653322459707},"Median":{"confidence_interval":{"confidence_level":0.95,"lower_bound":266539.46153846156,"upper_bound":272694.1589026915},"point_estimate":270373.35652709357,"standard_error":1473.8410912108661},"MedianAbsDev":{"confidence_interval":{"confidence_level":0.95,"lower_bound":12931.41887194473,"upper_bound":26436.07430270842},"point_estimate":19512.20075819446,"standard_error":3687.7381458061654},"Slope":{"confidence_interval":{"confidence_level":0.95,"lower_bound":249163.9489964557,"upper_bound":275624.0558474849},"point_estimate":263119.53530367964,"standard_error":6771.925385783132},"StdDev":{"confidence_interval":{"confidence_level":0.95,"lower_bound":35652.86878969941,"upper_bound":53747.26576476139},"point_estimate":45638.902855807115,"standard_error":4620.467504929997}}