{"Mean":{"confidence_interval":{"confidence_level":0.95,"lower_bound":26960.680775420482,"upper_bound":27876.61166718251},"point_estimate":27497.33646495394,"standard_error":238.73499785554705},"Median":{"confidence_interval":{"confidence_level":0.95,"lower_bound":27627.883333333335,"upper_bound":27949.641025641027},"point_estimate":27751.70067340067,"standard_error":71.7024346217132},"MedianAbsDev":{"confidence_interval":{"confidence_level":0.95,"lower_bound":465.46517804050086,"upper_bound":806.4940725427416},"point_estimate":572.4800449991288,"standard_error":82.83129531359853},"Slope":{"confidence_interval":{"confidence_level":0.95,"lower_bound":27380.60584460636,"upper_bound":27997.259774656082},"point_estimate":27725.0545854884,"standard_error":157.05344415952348},"StdDev":{"confidence_interval":{"confidence_level":0.95,"lower_bound":759.9408141389106,"upper_bound":3843.773738258634},"point_estimate":2403.7203029823795,"standard_error":898.8104700128179}}