{"Mean":{"confidence_interval":{"confidence_level":0.95,"lower_bound":379011.92022646364,"upper_bound":401222.3977699361},"point_estimate":390874.41741994076,"standard_error":5683.699791734269},"Median":{"confidence_interval":{"confidence_level":0.95,"lower_bound":386526.5,"upper_bound":404795.30188679247},"point_estimate":395279.57720588235,"standard_error":5026.579330675807},"MedianAbsDev":{"confidence_interval":{"confidence_level":0.95,"lower_bound":20518.315977772516,"upper_bound":41351.0110728561},"point_estimate":30458.8202203412,"standard_error":5136.865121027749},"Slope":{"confidence_interval":{"confidence_level":0.95,"lower_bound":394319.2170374969,"upper_bound":411594.51286155294},"point_estimate":403168.37867001625,"standard_error":4428.925619066906},"StdDev":{"confidence_interval":{"confidence_level":0.95,"lower_bound":37351.76316776317,"upper_bound":73828.72057718245},"point_estimate":56827.9255594521,"standard_error":9335.790518163822}}