{"Mean":{"confidence_interval":{"confidence_level":0.95,"lower_bound":8962.765739445016,"upper_bound":9414.589533354967},"point_estimate":9202.576330400598,"standard_error":115.25927500345402},"Median":{"confidence_interval":{"confidence_level":0.95,"lower_bound":9373.0,"upper_bound":9519.537037037036},"point_estimate":9478.49025974026,"standard_error":35.54966945627072},"MedianAbsDev":{"confidence_interval":{"confidence_level":0.95,"lower_bound":219.5340598483858,"upper_bound":408.76516774296715},"point_estimate":317.7043266323478,"standard_error":47.74896093295401},"Slope":{"confidence_interval":{"confidence_level":0.95,"lower_bound":8929.414405996775,"upper_bound":9413.904518496829},"point_estimate":9195.318210432984,"standard_error":123.29884241030659},"StdDev":{"confidence_interval":{"confidence_level":0.95,"lower_bound":796.7369943509993,"upper_bound":1444.120334245458},"point_estimate":1157.3504432904583,"standard_error":164.9336917672103}}