{"Mean":{"confidence_interval":{"confidence_level":0.95,"lower_bound":123626.41101831668,"upper_bound":134724.16562985102},"point_estimate":129448.20940531968,"standard_error":2833.5045216857634},"Median":{"confidence_interval":{"confidence_level":0.95,"lower_bound":134432.11971830984,"upper_bound":140361.1923076923},"point_estimate":138340.84210526315,"standard_error":1659.2931302265558},"MedianAbsDev":{"confidence_interval":{"confidence_level":0.95,"lower_bound":8563.687885377922,"upper_bound":16238.732922627678},"point_estimate":12959.036228262346,"standard_error":1910.4621488357927},"Slope":{"confidence_interval":{"confidence_level":0.95,"lower_bound":116439.80094311293,"upper_bound":132352.13548566442},"point_estimate":124944.3123954485,"standard_error":4073.7445106939126},"StdDev":{"confidence_interval":{"confidence_level":0.95,"lower_bound":21787.81865259328,"upper_bound":33925.86896299746},"point_estimate":28424.73532358366,"standard_error":3103.9857169175993}}