{"Mean":{"confidence_interval":{"confidence_level":0.95,"lower_bound":13049.203559038646,"upper_bound":14109.903935116621},"point_estimate":13587.607860153541,"standard_error":270.0649751262107},"Median":{"confidence_interval":{"confidence_level":0.95,"lower_bound":13506.005154639175,"upper_bound":13810.521276595744},"point_estimate":13688.923086800205,"standard_error":83.28719938740011},"MedianAbsDev":{"confidence_interval":{"confidence_level":0.95,"lower_bound":433.8645968289839,"upper_bound":846.3346446967794},"point_estimate":636.3418252158311,"standard_error":107.58228057115997},"Slope":{"confidence_interval":{"confidence_level":0.95,"lower_bound":11740.845467298186,"upper_bound":13369.918640089352},"point_estimate":12575.833285059849,"standard_error":416.61928911173675},"StdDev":{"confidence_interval":{"confidence_level":0.95,"lower_bound":2065.0984473416215,"upper_bound":3252.749627326774},"point_estimate":2712.8832272111244,"standard_error":301.4014628361747}}