{"Mean":{"confidence_interval":{"confidence_level":0.95,"lower_bound":133859.55056196445,"upper_bound":141860.29427712338},"point_estimate":137989.86029244662,"standard_error":2032.31558348322},"Median":{"confidence_interval":{"confidence_level":0.95,"lower_bound":135279.74370915035,"upper_bound":139221.7},"point_estimate":137355.94152706186,"standard_error":1323.1413313126066},"MedianAbsDev":{"confidence_interval":{"confidence_level":0.95,"lower_bound":6980.48839107156,"upper_bound":17735.998106714018},"point_estimate":11704.24902561713,"standard_error":2685.849518973544},"Slope":{"confidence_interval":{"confidence_level":0.95,"lower_bound":127858.57934604834,"upper_bound":140770.8347954792},"point_estimate":135014.0636717403,"standard_error":3301.5157156236373},"StdDev":{"confidence_interval":{"confidence_level":0.95,"lower_bound":14810.487301705052,"upper_bound":26588.965985878447},"point_estimate":20430.326636591046,"standard_error":3121.7594807491478}}