{"Mean":{"confidence_interval":{"confidence_level":0.95,"lower_bound":19925.950105639036,"upper_bound":21404.16755158727},"point_estimate":20731.405623935185,"standard_error":378.71348045045477},"Median":{"confidence_interval":{"confidence_level":0.95,"lower_bound":21636.239999999998,"upper_bound":21777.735294117647},"point_estimate":21716.452228544335,"standard_error":34.608614967429816},"MedianAbsDev":{"confidence_interval":{"confidence_level":0.95,"lower_bound":213.38196665412272,"upper_bound":362.07932506978335},"point_estimate":285.4248947019702,"standard_error":37.81175008732724},"Slope":{"confidence_interval":{"confidence_level":0.95,"lower_bound":17645.869176362994,"upper_bound":20895.868059239274},"point_estimate":19348.029253731343,"standard_error":833.5948627526446},"StdDev":{"confidence_interval":{"confidence_level":0.95,"lower_bound":2278.5423029396643,"upper_bound":4978.448295074926},"point_estimate":3803.611030013855,"standard_error":692.3448395849932}}