{"Mean":{"confidence_interval":{"confidence_level":0.95,"lower_bound":8999.722209085881,"upper_bound":9299.51854329138},"point_estimate":9158.460782877713,"standard_error":76.35164189791745},"Median":{"confidence_interval":{"confidence_level":0.95,"lower_bound":9120.918918918918,"upper_bound":9208.4},"point_estimate":9174.575757575756,"standard_error":24.92312108430797},"MedianAbsDev":{"confidence_interval":{"confidence_level":0.95,"lower_bound":191.23131042241505,"upper_bound":336.8446577822583},"point_estimate":267.58593306758456,"standard_error":35.69110841008417},"Slope":{"confidence_interval":{"confidence_level":0.95,"lower_bound":9072.882196552631,"upper_bound":9291.631384312877},"point_estimate":9179.660846756318,"standard_error":55.694477527303384},"StdDev":{"confidence_interval":{"confidence_level":0.95,"lower_bound":395.6363230913859,"upper_bound":1068.4891685757511},"point_estimate":767.6546706114611,"standard_error":170.70083735212788}}