{"Mean":{"confidence_interval":{"confidence_level":0.95,"lower_bound":2379.078991655015,"upper_bound":2433.1640073288936},"point_estimate":2404.8318899214396,"standard_error":13.800332552393188},"Median":{"confidence_interval":{"confidence_level":0.95,"lower_bound":2353.407606828101,"upper_bound":2377.0154778739698},"point_estimate":2363.90257413895,"standard_error":5.433588364315036},"MedianAbsDev":{"confidence_interval":{"confidence_level":0.95,"lower_bound":40.409140703011246,"upper_bound":86.24213064705255},"point_estimate":61.19155645636268,"standard_error":11.166599229725591},"Slope":{"confidence_interval":{"confidence_level":0.95,"lower_bound":2368.8350823097567,"upper_bound":2432.8485003963788},"point_estimate":2396.995296616977,"standard_error":16.40021902031651},"StdDev":{"confidence_interval":{"confidence_level":0.95,"lower_bound":99.58775393187165,"upper_bound":175.3689834971511},"point_estimate":139.11881933100054,"standard_error":19.404351465422977}}