{"Mean":{"confidence_interval":{"confidence_level":0.95,"lower_bound":10658.154266492316,"upper_bound":12621.449220665829},"point_estimate":11630.065236947135,"standard_error":502.41506060389963},"Median":{"confidence_interval":{"confidence_level":0.95,"lower_bound":10478.215678524375,"upper_bound":11442.92337164751},"point_estimate":10918.095088349804,"standard_error":244.39150821847932},"MedianAbsDev":{"confidence_interval":{"confidence_level":0.95,"lower_bound":1930.972541476526,"upper_bound":3359.7661743396466},"point_estimate":2636.699795918656,"standard_error":368.3826613230831},"Slope":{"confidence_interval":{"confidence_level":0.95,"lower_bound":7023.8335440623905,"upper_bound":9045.0544531056},"point_estimate":7996.314277129205,"standard_error":516.2415318433265},"StdDev":{"confidence_interval":{"confidence_level":0.95,"lower_bound":4136.785063931441,"upper_bound":5873.958763571882},"point_estimate":5064.3343053893495,"standard_error":442.2725108444778}}