{"Mean":{"confidence_interval":{"confidence_level":0.95,"lower_bound":11226.88462041274,"upper_bound":11525.704793476989},"point_estimate":11374.420490404922,"standard_error":75.7073444674928},"Median":{"confidence_interval":{"confidence_level":0.95,"lower_bound":11240.31037414966,"upper_bound":11335.682130028736},"point_estimate":11304.008342978395,"standard_error":27.61726836343399},"MedianAbsDev":{"confidence_interval":{"confidence_level":0.95,"lower_bound":154.27838843262703,"upper_bound":306.668176136189},"point_estimate":234.24085863094396,"standard_error":40.29503579290919},"Slope":{"confidence_interval":{"confidence_level":0.95,"lower_bound":11336.76075561091,"upper_bound":11745.620840601561},"point_estimate":11535.776966651889,"standard_error":104.46102545441546},"StdDev":{"confidence_interval":{"confidence_level":0.95,"lower_bound":555.9689883094036,"upper_bound":940.3901840407354},"point_estimate":760.0755502050574,"standard_error":97.5322329903065}}