{"Mean":{"confidence_interval":{"confidence_level":0.95,"lower_bound":40752.77428479854,"upper_bound":43891.55589646097},"point_estimate":42401.564052849186,"standard_error":799.7952315728184},"Median":{"confidence_interval":{"confidence_level":0.95,"lower_bound":43108.767123287675,"upper_bound":44396.115196078434},"point_estimate":43992.86898395722,"standard_error":317.5443059264205},"MedianAbsDev":{"confidence_interval":{"confidence_level":0.95,"lower_bound":1986.237472033532,"upper_bound":3006.9529090685833},"point_estimate":2467.319718985101,"standard_error":251.13971577110186},"Slope":{"confidence_interval":{"confidence_level":0.95,"lower_bound":39251.29461370794,"upper_bound":43508.806998216605},"point_estimate":41583.526626274564,"standard_error":1093.1680845196645},"StdDev":{"confidence_interval":{"confidence_level":0.95,"lower_bound":5179.668890433794,"upper_bound":10336.891363758441},"point_estimate":8043.675395460254,"standard_error":1317.511405978598}}