{"Mean":{"confidence_interval":{"confidence_level":0.95,"lower_bound":3303.1489083486,"upper_bound":3599.4370348036255},"point_estimate":3438.2978279226772,"standard_error":75.94928428059583},"Median":{"confidence_interval":{"confidence_level":0.95,"lower_bound":3124.3513513513512,"upper_bound":3220.0130537974683},"point_estimate":3160.772562329235,"standard_error":28.32664598658228},"MedianAbsDev":{"confidence_interval":{"confidence_level":0.95,"lower_bound":109.39580132297917,"upper_bound":256.46236947705523},"point_estimate":157.1113289477294,"standard_error":41.689850962507045},"Slope":{"confidence_interval":{"confidence_level":0.95,"lower_bound":3497.6925419832523,"upper_bound":3847.148718021877},"point_estimate":3658.565401119403,"standard_error":89.37900185400196},"StdDev":{"confidence_interval":{"confidence_level":0.95,"lower_bound":427.46803593717516,"upper_bound":1044.0051753057985},"point_estimate":764.2525764035792,"standard_error":157.13044260766628}}