{"Mean":{"confidence_interval":{"confidence_level":0.95,"lower_bound":17738.79473015159,"upper_bound":18664.353755862576},"point_estimate":18134.983407196436,"standard_error":239.65582409558058},"Median":{"confidence_interval":{"confidence_level":0.95,"lower_bound":17547.616093366094,"upper_bound":17843.811963793785},"point_estimate":17662.311200312848,"standard_error":78.80128800372206},"MedianAbsDev":{"confidence_interval":{"confidence_level":0.95,"lower_bound":524.0145119591308,"upper_bound":823.9185275314358},"point_estimate":671.8017525458346,"standard_error":72.23644781578439},"Slope":{"confidence_interval":{"confidence_level":0.95,"lower_bound":17689.45764350971,"upper_bound":18239.77876004214},"point_estimate":17943.249230691727,"standard_error":140.97780014889122},"StdDev":{"confidence_interval":{"confidence_level":0.95,"lower_bound":982.1664438645358,"upper_bound":3680.7652772825936},"point_estimate":2391.4661427235346,"standard_error":757.8917324446567}}