{"Mean":{"confidence_interval":{"confidence_level":0.95,"lower_bound":49208.76824114672,"upper_bound":61431.85661305362},"point_estimate":55193.93293252814,"standard_error":3119.0463407775715},"Median":{"confidence_interval":{"confidence_level":0.95,"lower_bound":35194.92452830189,"upper_bound":35744.140316205536},"point_estimate":35483.59005847953,"standard_error":150.62063170552946},"MedianAbsDev":{"confidence_interval":{"confidence_level":0.95,"lower_bound":610.0378681170321,"upper_bound":1590.9376375036686},"point_estimate":1029.732485420349,"standard_error":268.30380779885985},"Slope":{"confidence_interval":{"confidence_level":0.95,"lower_bound":67144.45441270675,"upper_bound":84164.78833203478},"point_estimate":76341.61119994089,"standard_error":4330.335537204369},"StdDev":{"confidence_interval":{"confidence_level":0.95,"lower_bound":27596.573649550646,"upper_bound":33729.65582764549},"point_estimate":31336.129411867154,"standard_error":1576.0020764212868}}