{"Mean":{"confidence_interval":{"confidence_level":0.95,"lower_bound":11579.628568901027,"upper_bound":13624.655698323651},"point_estimate":12548.52082607462,"standard_error":523.9782478852331},"Median":{"confidence_interval":{"confidence_level":0.95,"lower_bound":9997.908045977012,"upper_bound":11430.940740740742},"point_estimate":10658.942810457516,"standard_error":444.265738636568},"MedianAbsDev":{"confidence_interval":{"confidence_level":0.95,"lower_bound":1915.5040591521754,"upper_bound":3733.474648180166},"point_estimate":2844.303219267881,"standard_error":480.62093231841624},"Slope":{"confidence_interval":{"confidence_level":0.95,"lower_bound":9249.621612389024,"upper_bound":9754.393900397012},"point_estimate":9477.487073543176,"standard_error":128.68955506310016},"StdDev":{"confidence_interval":{"confidence_level":0.95,"lower_bound":3888.0093865911,"upper_bound":6395.832258661323},"point_estimate":5250.373480233191,"standard_error":641.4581378881276}}