{"Mean":{"confidence_interval":{"confidence_level":0.95,"lower_bound":5411.513442751967,"upper_bound":5631.305636099952},"point_estimate":5513.406628713436,"standard_error":56.18123841479601},"Median":{"confidence_interval":{"confidence_level":0.95,"lower_bound":5298.81042625746,"upper_bound":5514.496218487395},"point_estimate":5393.4806127450975,"standard_error":53.98800572074057},"MedianAbsDev":{"confidence_interval":{"confidence_level":0.95,"lower_bound":295.46028874613137,"upper_bound":548.7989992942229},"point_estimate":420.30838226303416,"standard_error":66.71239922874857},"Slope":{"confidence_interval":{"confidence_level":0.95,"lower_bound":5367.24223832425,"upper_bound":5590.88763017241},"point_estimate":5474.944115317414,"standard_error":57.13298113305509},"StdDev":{"confidence_interval":{"confidence_level":0.95,"lower_bound":380.3964693617127,"upper_bound":779.321873789484},"point_estimate":564.0607518777757,"standard_error":117.22112221014261}}