{"Mean":{"confidence_interval":{"confidence_level":0.95,"lower_bound":79262.31232521389,"upper_bound":90506.40265738308},"point_estimate":84908.47155917797,"standard_error":2877.357323334363},"Median":{"confidence_interval":{"confidence_level":0.95,"lower_bound":78987.86923076923,"upper_bound":104426.84120879121},"point_estimate":103465.21986166008,"standard_error":7306.308515955895},"MedianAbsDev":{"confidence_interval":{"confidence_level":0.95,"lower_bound":14191.360382278892,"upper_bound":47661.89226948836},"point_estimate":23051.84156870371,"standard_error":7979.308690373197},"Slope":{"confidence_interval":{"confidence_level":0.95,"lower_bound":86110.93426777296,"upper_bound":96367.16811323172},"point_estimate":91810.0883345648,"standard_error":2618.1480892681525},"StdDev":{"confidence_interval":{"confidence_level":0.95,"lower_bound":27129.985742858782,"upper_bound":30196.776186583345},"point_estimate":28969.060436061634,"standard_error":780.4887248616895}}