{"Mean":{"confidence_interval":{"confidence_level":0.95,"lower_bound":63648.524632567445,"upper_bound":66701.36177695144},"point_estimate":65035.6418670626,"standard_error":786.5246934363191},"Median":{"confidence_interval":{"confidence_level":0.95,"lower_bound":62724.870786516854,"upper_bound":63032.66087962963},"point_estimate":62816.74650621118,"standard_error":91.05227100693399},"MedianAbsDev":{"confidence_interval":{"confidence_level":0.95,"lower_bound":502.930852350777,"upper_bound":912.8672161010547},"point_estimate":692.2967621922886,"standard_error":104.53346983281001},"Slope":{"confidence_interval":{"confidence_level":0.95,"lower_bound":62923.748526835625,"upper_bound":64085.242775251594},"point_estimate":63440.86372912664,"standard_error":298.5385930824908},"StdDev":{"confidence_interval":{"confidence_level":0.95,"lower_bound":4273.87381571759,"upper_bound":10745.274287705999},"point_estimate":7943.748929093195,"standard_error":1660.514604640483}}