{"Mean":{"confidence_interval":{"confidence_level":0.95,"lower_bound":16945.40732205242,"upper_bound":17443.241305230404},"point_estimate":17172.19598474975,"standard_error":127.32319896213471},"Median":{"confidence_interval":{"confidence_level":0.95,"lower_bound":16726.431200897867,"upper_bound":16807.712154407927},"point_estimate":16779.5406462585,"standard_error":18.406871245691875},"MedianAbsDev":{"confidence_interval":{"confidence_level":0.95,"lower_bound":131.66599854910692,"upper_bound":247.2333380084455},"point_estimate":176.6791176208959,"standard_error":28.830434773913257},"Slope":{"confidence_interval":{"confidence_level":0.95,"lower_bound":17055.410445043934,"upper_bound":17727.232085545078},"point_estimate":17364.593293598016,"standard_error":173.17795835383694},"StdDev":{"confidence_interval":{"confidence_level":0.95,"lower_bound":732.1048413890495,"upper_bound":1799.0118652753488},"point_estimate":1281.1931579181955,"standard_error":283.12204082657155}}