{"Mean":{"confidence_interval":{"confidence_level":0.95,"lower_bound":23481.127377279234,"upper_bound":30195.403803668465},"point_estimate":26667.895442065386,"standard_error":1721.6857577604146},"Median":{"confidence_interval":{"confidence_level":0.95,"lower_bound":18123.66755447942,"upper_bound":20880.543478260868},"point_estimate":19934.595959595958,"standard_error":749.4975338964923},"MedianAbsDev":{"confidence_interval":{"confidence_level":0.95,"lower_bound":3743.5372644772006,"upper_bound":7827.607744576487},"point_estimate":5881.713213993632,"standard_error":1058.97687501017},"Slope":{"confidence_interval":{"confidence_level":0.95,"lower_bound":16461.64675804462,"upper_bound":17791.09651386366},"point_estimate":17065.524906162256,"standard_error":339.2931847111242},"StdDev":{"confidence_interval":{"confidence_level":0.95,"lower_bound":12725.868677414785,"upper_bound":21114.77617946159},"point_estimate":17349.223456454332,"standard_error":2134.9363662562882}}