{"Mean":{"confidence_interval":{"confidence_level":0.95,"lower_bound":2954.6249614680796,"upper_bound":3122.3612622317596},"point_estimate":3036.6911545556104,"standard_error":42.70437386943789},"Median":{"confidence_interval":{"confidence_level":0.95,"lower_bound":2764.8322062552834,"upper_bound":2966.9099696599696},"point_estimate":2861.347419434498,"standard_error":50.73879786411057},"MedianAbsDev":{"confidence_interval":{"confidence_level":0.95,"lower_bound":195.1123843857132,"upper_bound":469.90160975499845},"point_estimate":320.6454549263044,"standard_error":69.27482057950199},"Slope":{"confidence_interval":{"confidence_level":0.95,"lower_bound":2816.8026165819892,"upper_bound":2942.2978223743116},"point_estimate":2875.3243659192885,"standard_error":32.13396327905222},"StdDev":{"confidence_interval":{"confidence_level":0.95,"lower_bound":372.06790538332416,"upper_bound":476.2844156481455},"point_estimate":429.54736255189556,"standard_error":26.6049922209146}}