{"Mean":{"confidence_interval":{"confidence_level":0.95,"lower_bound":9171.695661017488,"upper_bound":9349.021886227274},"point_estimate":9254.790380709554,"standard_error":45.34492771866209},"Median":{"confidence_interval":{"confidence_level":0.95,"lower_bound":9073.998735511064,"upper_bound":9181.427692307692},"point_estimate":9120.456540840603,"standard_error":26.06048467341111},"MedianAbsDev":{"confidence_interval":{"confidence_level":0.95,"lower_bound":148.20546955896268,"upper_bound":252.0501533112318},"point_estimate":206.61736335969232,"standard_error":27.09407251209039},"Slope":{"confidence_interval":{"confidence_level":0.95,"lower_bound":9199.6814725367,"upper_bound":9408.259913672582},"point_estimate":9297.259435995953,"standard_error":53.534647533174365},"StdDev":{"confidence_interval":{"confidence_level":0.95,"lower_bound":308.2899298716684,"upper_bound":574.9193834420734},"point_estimate":454.71910802901857,"standard_error":68.15971974437797}}