{"Mean":{"confidence_interval":{"confidence_level":0.95,"lower_bound":101921.4420173102,"upper_bound":109611.95408293659},"point_estimate":105933.80017399041,"standard_error":1973.090963011166},"Median":{"confidence_interval":{"confidence_level":0.95,"lower_bound":110102.05970149254,"upper_bound":112400.02850678732},"point_estimate":111215.58835710998,"standard_error":582.015609641698},"MedianAbsDev":{"confidence_interval":{"confidence_level":0.95,"lower_bound":3711.143423450493,"upper_bound":8112.825898311217},"point_estimate":5075.1392906675,"standard_error":1139.7221736694503},"Slope":{"confidence_interval":{"confidence_level":0.95,"lower_bound":90990.87778786384,"upper_bound":105592.09062876037},"point_estimate":98278.7796039604,"standard_error":3750.4021899117733},"StdDev":{"confidence_interval":{"confidence_level":0.95,"lower_bound":15467.71541681313,"upper_bound":23291.721952434556},"point_estimate":19852.63404973621,"standard_error":2000.3254471940957}}