{"Mean":{"confidence_interval":{"confidence_level":0.95,"lower_bound":9134.759991355691,"upper_bound":12170.500847058242},"point_estimate":10634.273326065135,"standard_error":773.3085339894945},"Median":{"confidence_interval":{"confidence_level":0.95,"lower_bound":3304.7230046948357,"upper_bound":12758.862878787879},"point_estimate":11159.17643085237,"standard_error":1573.6855228128018},"MedianAbsDev":{"confidence_interval":{"confidence_level":0.95,"lower_bound":1264.447703350591,"upper_bound":13241.415260609097},"point_estimate":11868.581659093334,"standard_error":2364.508080048377},"Slope":{"confidence_interval":{"confidence_level":0.95,"lower_bound":4189.927247702779,"upper_bound":5679.387451064228},"point_estimate":4833.866433180631,"standard_error":380.998996430046},"StdDev":{"confidence_interval":{"confidence_level":0.95,"lower_bound":6674.641632932567,"upper_bound":8713.457074407213},"point_estimate":7745.474236475697,"standard_error":521.225451729481}}