{"Mean":{"confidence_interval":{"confidence_level":0.95,"lower_bound":33368.435409788595,"upper_bound":41917.71347150374},"point_estimate":37555.64256734189,"standard_error":2178.6423553071263},"Median":{"confidence_interval":{"confidence_level":0.95,"lower_bound":32867.44515306122,"upper_bound":37163.16016771489},"point_estimate":35579.73343465046,"standard_error":1088.9096218787768},"MedianAbsDev":{"confidence_interval":{"confidence_level":0.95,"lower_bound":10485.985389269288,"upper_bound":22550.71394863448},"point_estimate":13459.514549809897,"standard_error":3048.1280602932197},"Slope":{"confidence_interval":{"confidence_level":0.95,"lower_bound":22667.491589198024,"upper_bound":27445.985656226785},"point_estimate":25083.724028372988,"standard_error":1216.4434231656896},"StdDev":{"confidence_interval":{"confidence_level":0.95,"lower_bound":17903.749071518963,"upper_bound":25115.956193580798},"point_estimate":21836.599391943244,"standard_error":1842.8187752371364}}