{"Mean":{"confidence_interval":{"confidence_level":0.95,"lower_bound":2300.0134982256263,"upper_bound":2427.929494300897},"point_estimate":2363.974741789412,"standard_error":32.789722638932524},"Median":{"confidence_interval":{"confidence_level":0.95,"lower_bound":2261.2508003552543,"upper_bound":2550.4770698051952},"point_estimate":2389.060537462349,"standard_error":83.17582515050131},"MedianAbsDev":{"confidence_interval":{"confidence_level":0.95,"lower_bound":283.9903026242802,"upper_bound":494.8166134150848},"point_estimate":420.45567622694375,"standard_error":56.273528778303735},"Slope":{"confidence_interval":{"confidence_level":0.95,"lower_bound":2352.107054814344,"upper_bound":2512.8080739333686},"point_estimate":2432.963984248005,"standard_error":41.128112723085096},"StdDev":{"confidence_interval":{"confidence_level":0.95,"lower_bound":299.1916818408902,"upper_bound":356.8062988014271},"point_estimate":330.1281695774047,"standard_error":14.752581811925385}}