{"Mean":{"confidence_interval":{"confidence_level":0.95,"lower_bound":2303.3388189860075,"upper_bound":2410.348957180035},"point_estimate":2355.2352119433936,"standard_error":27.294832357826383},"Median":{"confidence_interval":{"confidence_level":0.95,"lower_bound":2236.2039862098686,"upper_bound":2312.1018373451075},"point_estimate":2277.4998838244974,"standard_error":17.825028669068214},"MedianAbsDev":{"confidence_interval":{"confidence_level":0.95,"lower_bound":134.99683531718253,"upper_bound":249.71262428995288},"point_estimate":189.30499747950057,"standard_error":27.589830997176215},"Slope":{"confidence_interval":{"confidence_level":0.95,"lower_bound":2366.9295222725013,"upper_bound":2517.1380374335454},"point_estimate":2442.1292256166544,"standard_error":38.22443491961945},"StdDev":{"confidence_interval":{"confidence_level":0.95,"lower_bound":228.47941237912332,"upper_bound":314.6479040690242},"point_estimate":274.5818798437496,"standard_error":21.928630079960772}}