{"Mean":{"confidence_interval":{"confidence_level":0.95,"lower_bound":114145.10195797191,"upper_bound":124336.41573543807},"point_estimate":119424.73831980395,"standard_error":2604.1123227713197},"Median":{"confidence_interval":{"confidence_level":0.95,"lower_bound":123753.57971014493,"upper_bound":126701.71739130435},"point_estimate":125125.83068181819,"standard_error":792.8662770158572},"MedianAbsDev":{"confidence_interval":{"confidence_level":0.95,"lower_bound":5875.519492796889,"upper_bound":12744.135036169464},"point_estimate":8820.67554303708,"standard_error":1783.7546271565025},"Slope":{"confidence_interval":{"confidence_level":0.95,"lower_bound":121320.9688458014,"upper_bound":124899.46869208911},"point_estimate":123019.66415841584,"standard_error":909.7120675364233},"StdDev":{"confidence_interval":{"confidence_level":0.95,"lower_bound":19865.084647927935,"upper_bound":31355.20592184451},"point_estimate":26256.688319165067,"standard_error":2944.4086599392713}}