{"Mean":{"confidence_interval":{"confidence_level":0.95,"lower_bound":61989.0999719103,"upper_bound":63099.24939266357},"point_estimate":62530.13083636263,"standard_error":281.95800267833584},"Median":{"confidence_interval":{"confidence_level":0.95,"lower_bound":62045.45769230769,"upper_bound":62637.64404223228},"point_estimate":62292.537573964495,"standard_error":159.3720616686218},"MedianAbsDev":{"confidence_interval":{"confidence_level":0.95,"lower_bound":778.9763001366624,"upper_bound":1260.6860701769233},"point_estimate":992.9330711981789,"standard_error":125.31376913710925},"Slope":{"confidence_interval":{"confidence_level":0.95,"lower_bound":62000.85772901365,"upper_bound":63566.198945682096},"point_estimate":62728.13602846392,"standard_error":399.0692637109418},"StdDev":{"confidence_interval":{"confidence_level":0.95,"lower_bound":1799.9294729990854,"upper_bound":3681.904783171363},"point_estimate":2833.1373262517036,"standard_error":477.7859875534014}}