{"Mean":{"confidence_interval":{"confidence_level":0.95,"lower_bound":23757.365790280666,"upper_bound":27524.469694418924},"point_estimate":25651.910427039522,"standard_error":961.8413291501422},"Median":{"confidence_interval":{"confidence_level":0.95,"lower_bound":24719.288065843622,"upper_bound":29136.23445378151},"point_estimate":27350.30946969697,"standard_error":1265.342911971901},"MedianAbsDev":{"confidence_interval":{"confidence_level":0.95,"lower_bound":4234.994482125648,"upper_bound":7212.561531434334},"point_estimate":5350.693914501758,"standard_error":742.8680258258782},"Slope":{"confidence_interval":{"confidence_level":0.95,"lower_bound":24923.867730014375,"upper_bound":26474.408642411006},"point_estimate":25692.826252893945,"standard_error":396.75502827543744},"StdDev":{"confidence_interval":{"confidence_level":0.95,"lower_bound":7845.021104652591,"upper_bound":11248.867117640246},"point_estimate":9641.117750903079,"standard_error":869.4448163039814}}