{"Mean":{"confidence_interval":{"confidence_level":0.95,"lower_bound":35357.941005332366,"upper_bound":42252.8033679075},"point_estimate":38686.873934684016,"standard_error":1761.9716720102454},"Median":{"confidence_interval":{"confidence_level":0.95,"lower_bound":31754.39393939394,"upper_bound":35661.12929318068},"point_estimate":32936.9901010101,"standard_error":1047.3049111539106},"MedianAbsDev":{"confidence_interval":{"confidence_level":0.95,"lower_bound":5280.99402679156,"upper_bound":10535.741594547531},"point_estimate":7088.296411066523,"standard_error":1410.7350341363265},"Slope":{"confidence_interval":{"confidence_level":0.95,"lower_bound":29926.304779201284,"upper_bound":32043.90598324252},"point_estimate":30993.808464607653,"standard_error":538.9422833387925},"StdDev":{"confidence_interval":{"confidence_level":0.95,"lower_bound":13951.220442994696,"upper_bound":20829.81906400891},"point_estimate":17727.21815605304,"standard_error":1761.641860704054}}