{"Mean":{"confidence_interval":{"confidence_level":0.95,"lower_bound":10321.9946105388,"upper_bound":10943.71872954712},"point_estimate":10587.364661135734,"standard_error":161.01597293910817},"Median":{"confidence_interval":{"confidence_level":0.95,"lower_bound":10101.912087912087,"upper_bound":10268.967333074535},"point_estimate":10172.2742669363,"standard_error":41.41053319232025},"MedianAbsDev":{"confidence_interval":{"confidence_level":0.95,"lower_bound":232.78656592902527,"upper_bound":468.86675265693316},"point_estimate":332.64393000059687,"standard_error":59.4771439154357},"Slope":{"confidence_interval":{"confidence_level":0.95,"lower_bound":10151.692182050336,"upper_bound":10528.639784868685},"point_estimate":10308.793050412718,"standard_error":97.3384900917047},"StdDev":{"confidence_interval":{"confidence_level":0.95,"lower_bound":566.3113225285047,"upper_bound":2520.8053324410416},"point_estimate":1625.0447574526395,"standard_error":535.1554375596818}}