{"Mean":{"confidence_interval":{"confidence_level":0.95,"lower_bound":22096.84226528934,"upper_bound":22621.044655310146},"point_estimate":22374.562112806525,"standard_error":134.33905790600193},"Median":{"confidence_interval":{"confidence_level":0.95,"lower_bound":22507.08695652174,"upper_bound":22736.48},"point_estimate":22602.028138528138,"standard_error":62.52265673116192},"MedianAbsDev":{"confidence_interval":{"confidence_level":0.95,"lower_bound":400.6338977901941,"upper_bound":774.6651350259416},"point_estimate":549.6581550027947,"standard_error":95.40029746120588},"Slope":{"confidence_interval":{"confidence_level":0.95,"lower_bound":22099.424369714736,"upper_bound":22781.488649503557},"point_estimate":22474.778702526968,"standard_error":175.7838835413536},"StdDev":{"confidence_interval":{"confidence_level":0.95,"lower_bound":880.3477652344174,"upper_bound":1749.7824587902066},"point_estimate":1350.1780291964453,"standard_error":221.83956483825386}}