{"Mean":{"confidence_interval":{"confidence_level":0.95,"lower_bound":277721.57583126123,"upper_bound":307300.417619275},"point_estimate":292730.2966122135,"standard_error":7545.654400540324},"Median":{"confidence_interval":{"confidence_level":0.95,"lower_bound":291138.0588235294,"upper_bound":320005.1958315241},"point_estimate":301737.1606182796,"standard_error":7151.743601266179},"MedianAbsDev":{"confidence_interval":{"confidence_level":0.95,"lower_bound":64332.46735119019,"upper_bound":104470.36077181886},"point_estimate":85998.76274925917,"standard_error":10689.826458617585},"Slope":{"confidence_interval":{"confidence_level":0.95,"lower_bound":317591.6234352269,"upper_bound":343395.6478435758},"point_estimate":331212.010258608,"standard_error":6582.278037426399},"StdDev":{"confidence_interval":{"confidence_level":0.95,"lower_bound":67431.10492761603,"upper_bound":82941.39855455657},"point_estimate":76025.16801546101,"standard_error":3961.3075903288463}}