{"Mean":{"confidence_interval":{"confidence_level":0.95,"lower_bound":135160.15492387852,"upper_bound":141049.7195548543},"point_estimate":138257.1496034358,"standard_error":1496.9079150924833},"Median":{"confidence_interval":{"confidence_level":0.95,"lower_bound":133518.6712028095,"upper_bound":138729.23595505618},"point_estimate":136311.47,"standard_error":1543.66015102892},"MedianAbsDev":{"confidence_interval":{"confidence_level":0.95,"lower_bound":5200.113507679543,"upper_bound":11433.962717770419},"point_estimate":7781.861088652043,"standard_error":1616.4674296377507},"Slope":{"confidence_interval":{"confidence_level":0.95,"lower_bound":133778.88365693175,"upper_bound":143015.44284297698},"point_estimate":138840.6018309443,"standard_error":2372.6889951782173},"StdDev":{"confidence_interval":{"confidence_level":0.95,"lower_bound":9960.80262531514,"upper_bound":19826.563523759974},"point_estimate":15010.804591024096,"standard_error":2560.6108191465296}}