{"Mean":{"confidence_interval":{"confidence_level":0.95,"lower_bound":10058.510825869276,"upper_bound":10866.50838421378},"point_estimate":10416.537418745016,"standard_error":207.8158876172757},"Median":{"confidence_interval":{"confidence_level":0.95,"lower_bound":9914.507142857143,"upper_bound":9991.501602564102},"point_estimate":9949.045226678292,"standard_error":21.251217084897032},"MedianAbsDev":{"confidence_interval":{"confidence_level":0.95,"lower_bound":157.35286902351066,"upper_bound":307.4890050672942},"point_estimate":208.23386375593978,"standard_error":40.02163333185522},"Slope":{"confidence_interval":{"confidence_level":0.95,"lower_bound":9958.317149529561,"upper_bound":10108.365685914932},"point_estimate":10027.761123097383,"standard_error":38.34282105328584},"StdDev":{"confidence_interval":{"confidence_level":0.95,"lower_bound":885.4691797005564,"upper_bound":2932.55903047226},"point_estimate":2086.028494864857,"standard_error":519.8096078531149}}