{"Mean":{"confidence_interval":{"confidence_level":0.95,"lower_bound":35005.5805226079,"upper_bound":36283.733504517826},"point_estimate":35625.19297658131,"standard_error":326.082603402098},"Median":{"confidence_interval":{"confidence_level":0.95,"lower_bound":33420.752287121744,"upper_bound":35284.89655172414},"point_estimate":34287.49888168786,"standard_error":452.58849966821884},"MedianAbsDev":{"confidence_interval":{"confidence_level":0.95,"lower_bound":1179.3249756791577,"upper_bound":3399.7522199050386},"point_estimate":2226.9896668092506,"standard_error":591.8332910439759},"Slope":{"confidence_interval":{"confidence_level":0.95,"lower_bound":33988.22292658424,"upper_bound":35258.61190735912},"point_estimate":34555.22979347034,"standard_error":326.10433663424897},"StdDev":{"confidence_interval":{"confidence_level":0.95,"lower_bound":2726.886543706729,"upper_bound":3865.4231408836113},"point_estimate":3277.115396174671,"standard_error":293.1086224660367}}