{"Mean":{"confidence_interval":{"confidence_level":0.95,"lower_bound":9537.598387340951,"upper_bound":9938.795143336012},"point_estimate":9731.98782236385,"standard_error":102.5156978812463},"Median":{"confidence_interval":{"confidence_level":0.95,"lower_bound":9174.006329113925,"upper_bound":9324.548536269936},"point_estimate":9238.445433996385,"standard_error":38.640807056172164},"MedianAbsDev":{"confidence_interval":{"confidence_level":0.95,"lower_bound":268.13643181288404,"upper_bound":546.4729218775666},"point_estimate":386.1806573767603,"standard_error":72.85407775191457},"Slope":{"confidence_interval":{"confidence_level":0.95,"lower_bound":9758.593715217825,"upper_bound":10289.646482704366},"point_estimate":10029.628943214744,"standard_error":135.53974169267286},"StdDev":{"confidence_interval":{"confidence_level":0.95,"lower_bound":854.1400308255626,"upper_bound":1170.0645091300075},"point_estimate":1030.9852191807522,"standard_error":80.73190173120966}}