{"Mean":{"confidence_interval":{"confidence_level":0.95,"lower_bound":328543.49939699675,"upper_bound":362649.21491431503},"point_estimate":346051.318995078,"standard_error":8696.782393847901},"Median":{"confidence_interval":{"confidence_level":0.95,"lower_bound":372578.3706636501,"upper_bound":385453.3425925926},"point_estimate":376006.4263329552,"standard_error":3906.070045381363},"MedianAbsDev":{"confidence_interval":{"confidence_level":0.95,"lower_bound":24768.965856929583,"upper_bound":61429.34074712565},"point_estimate":41775.45958885013,"standard_error":8915.255343980098},"Slope":{"confidence_interval":{"confidence_level":0.95,"lower_bound":362713.93021749426,"upper_bound":387249.1097377243},"point_estimate":375668.0148559184,"standard_error":6290.011216921066},"StdDev":{"confidence_interval":{"confidence_level":0.95,"lower_bound":73695.36578001226,"upper_bound":97326.36755138838},"point_estimate":87200.03334397856,"standard_error":6047.508703337982}}