{"Mean":{"confidence_interval":{"confidence_level":0.95,"lower_bound":136757.95086373523,"upper_bound":142728.02530690082},"point_estimate":139720.242616286,"standard_error":1494.047891177912},"Median":{"confidence_interval":{"confidence_level":0.95,"lower_bound":138889.94353864735,"upper_bound":140013.71376811594},"point_estimate":139491.45227272727,"standard_error":276.6708165923088},"MedianAbsDev":{"confidence_interval":{"confidence_level":0.95,"lower_bound":1772.3060301128353,"upper_bound":2896.776967529137},"point_estimate":2357.681232654983,"standard_error":295.78273965453184},"Slope":{"confidence_interval":{"confidence_level":0.95,"lower_bound":131385.52006087764,"upper_bound":140630.19225287947},"point_estimate":137088.1189833013,"standard_error":2496.8720590357257},"StdDev":{"confidence_interval":{"confidence_level":0.95,"lower_bound":3876.6510057108144,"upper_bound":23105.404024527346},"point_estimate":15039.420368463158,"standard_error":5150.295910103525}}