{"Mean":{"confidence_interval":{"confidence_level":0.95,"lower_bound":23990.122573262648,"upper_bound":30767.35143514943},"point_estimate":27215.10088384525,"standard_error":1732.8216422184928},"Median":{"confidence_interval":{"confidence_level":0.95,"lower_bound":17807.777777777777,"upper_bound":23459.722222222223},"point_estimate":19885.939740655987,"standard_error":1226.4234584314397},"MedianAbsDev":{"confidence_interval":{"confidence_level":0.95,"lower_bound":4839.420219462318,"upper_bound":11759.877322587485},"point_estimate":7232.470626228989,"standard_error":1604.6027272639049},"Slope":{"confidence_interval":{"confidence_level":0.95,"lower_bound":16318.831316853082,"upper_bound":19024.849035597737},"point_estimate":17397.753344170236,"standard_error":704.750098415923},"StdDev":{"confidence_interval":{"confidence_level":0.95,"lower_bound":13187.47524060908,"upper_bound":20801.279978707113},"point_estimate":17328.725581380204,"standard_error":1956.929882795992}}