{"Mean":{"confidence_interval":{"confidence_level":0.95,"lower_bound":2272.127538960176,"upper_bound":2419.3276047925096},"point_estimate":2345.9560985050866,"standard_error":37.62296250839765},"Median":{"confidence_interval":{"confidence_level":0.95,"lower_bound":2129.2228461287777,"upper_bound":2410.7312070043777},"point_estimate":2238.724760467686,"standard_error":82.27400196169759},"MedianAbsDev":{"confidence_interval":{"confidence_level":0.95,"lower_bound":277.39203292517277,"upper_bound":539.004849680041},"point_estimate":422.3870916711278,"standard_error":71.67598228751488},"Slope":{"confidence_interval":{"confidence_level":0.95,"lower_bound":2334.586184884566,"upper_bound":2488.946739381911},"point_estimate":2411.1040117211573,"standard_error":39.37739343665654},"StdDev":{"confidence_interval":{"confidence_level":0.95,"lower_bound":340.5834440004255,"upper_bound":415.9260191939244},"point_estimate":379.744863333383,"standard_error":19.08598197211346}}