{"Mean":{"confidence_interval":{"confidence_level":0.95,"lower_bound":32420.37440536311,"upper_bound":33124.102926507236},"point_estimate":32744.07137883563,"standard_error":179.42020655089004},"Median":{"confidence_interval":{"confidence_level":0.95,"lower_bound":32162.097132616487,"upper_bound":32384.59970674487},"point_estimate":32283.08698156682,"standard_error":51.09005498217785},"MedianAbsDev":{"confidence_interval":{"confidence_level":0.95,"lower_bound":486.2826743692397,"upper_bound":1012.1944290025325},"point_estimate":666.3232384358314,"standard_error":130.44366390558707},"Slope":{"confidence_interval":{"confidence_level":0.95,"lower_bound":32267.830506282025,"upper_bound":32881.4595979397},"point_estimate":32546.715582165823,"standard_error":157.0093473568985},"StdDev":{"confidence_interval":{"confidence_level":0.95,"lower_bound":1085.3407731956097,"upper_bound":2484.2327230625647},"point_estimate":1804.8976495089253,"standard_error":367.90698291093}}