{"Mean":{"confidence_interval":{"confidence_level":0.95,"lower_bound":5727.795573205832,"upper_bound":6504.252162999849},"point_estimate":6068.964598690951,"standard_error":199.5722935603554},"Median":{"confidence_interval":{"confidence_level":0.95,"lower_bound":5380.712791495199,"upper_bound":5482.046049382716},"point_estimate":5418.5496101364515,"standard_error":28.099301938434472},"MedianAbsDev":{"confidence_interval":{"confidence_level":0.95,"lower_bound":169.466560667696,"upper_bound":408.0054748314248},"point_estimate":281.1636354081168,"standard_error":59.267396006670715},"Slope":{"confidence_interval":{"confidence_level":0.95,"lower_bound":5504.956824241508,"upper_bound":5865.03857402332},"point_estimate":5667.201146595588,"standard_error":92.78642434026847},"StdDev":{"confidence_interval":{"confidence_level":0.95,"lower_bound":928.296922037532,"upper_bound":2970.3940492807687},"point_estimate":2005.486120069282,"standard_error":545.0031679980249}}