{"Mean":{"confidence_interval":{"confidence_level":0.95,"lower_bound":24088.642663932787,"upper_bound":28403.05424038753},"point_estimate":26255.135162250604,"standard_error":1099.8356491541003},"Median":{"confidence_interval":{"confidence_level":0.95,"lower_bound":15003.239130434782,"upper_bound":34484.68303571429},"point_estimate":34133.738541666666,"standard_error":7897.464975983531},"MedianAbsDev":{"confidence_interval":{"confidence_level":0.95,"lower_bound":390.03623664186375,"upper_bound":23665.88637524652},"point_estimate":18078.52402904204,"standard_error":6924.41818246444},"Slope":{"confidence_interval":{"confidence_level":0.95,"lower_bound":32086.250327015146,"upper_bound":34912.007025352155},"point_estimate":33608.694208659675,"standard_error":718.124296744179},"StdDev":{"confidence_interval":{"confidence_level":0.95,"lower_bound":10328.33097676127,"upper_bound":11794.85609668503},"point_estimate":11070.435319947977,"standard_error":375.96675827436485}}