{"Mean":{"confidence_interval":{"confidence_level":0.95,"lower_bound":2479.343361348244,"upper_bound":2590.821413241143},"point_estimate":2532.590910944338,"standard_error":28.526041599053624},"Median":{"confidence_interval":{"confidence_level":0.95,"lower_bound":2395.028854354212,"upper_bound":2429.527283236994},"point_estimate":2410.4188628034053,"standard_error":8.924723437837518},"MedianAbsDev":{"confidence_interval":{"confidence_level":0.95,"lower_bound":42.52343996736079,"upper_bound":88.41967749787835},"point_estimate":53.05943197023643,"standard_error":12.760495842497498},"Slope":{"confidence_interval":{"confidence_level":0.95,"lower_bound":2393.5081522626356,"upper_bound":2418.520876487576},"point_estimate":2405.597249914794,"standard_error":6.396039900875082},"StdDev":{"confidence_interval":{"confidence_level":0.95,"lower_bound":229.0275650588117,"upper_bound":332.7385265894265},"point_estimate":287.9020507005566,"standard_error":26.543423302784873}}