{"Mean":{"confidence_interval":{"confidence_level":0.95,"lower_bound":226302.78837760206,"upper_bound":253440.09380503377},"point_estimate":240456.2162393898,"standard_error":6956.441580004913},"Median":{"confidence_interval":{"confidence_level":0.95,"lower_bound":258617.02371541504,"upper_bound":261507.3103448276},"point_estimate":259965.2857142857,"standard_error":720.2638717004063},"MedianAbsDev":{"confidence_interval":{"confidence_level":0.95,"lower_bound":7371.290974641867,"upper_bound":16283.072034554065},"point_estimate":11055.845470941751,"standard_error":2268.9539248242763},"Slope":{"confidence_interval":{"confidence_level":0.95,"lower_bound":208533.83480193935,"upper_bound":249155.52022021957},"point_estimate":230012.80177626718,"standard_error":10378.27774939015},"StdDev":{"confidence_interval":{"confidence_level":0.95,"lower_bound":54879.82536807389,"upper_bound":81798.5125805938},"point_estimate":70167.14011184295,"standard_error":6907.011345619965}}