{"Mean":{"confidence_interval":{"confidence_level":0.95,"lower_bound":24144.64439535144,"upper_bound":25679.22794100743},"point_estimate":24877.37504491019,"standard_error":392.1965942393016},"Median":{"confidence_interval":{"confidence_level":0.95,"lower_bound":22888.04651162791,"upper_bound":23950.61274509804},"point_estimate":23278.715277777777,"standard_error":299.9458968290633},"MedianAbsDev":{"confidence_interval":{"confidence_level":0.95,"lower_bound":1264.4230325520045,"upper_bound":2676.34066264961},"point_estimate":1831.3242746641945,"standard_error":369.9908092687704},"Slope":{"confidence_interval":{"confidence_level":0.95,"lower_bound":22384.24221364744,"upper_bound":23034.6442421219},"point_estimate":22675.29191960987,"standard_error":166.86806271980407},"StdDev":{"confidence_interval":{"confidence_level":0.95,"lower_bound":2951.6252002160545,"upper_bound":4859.130888893653},"point_estimate":3966.7330955249627,"standard_error":487.48757923701163}}