{"Mean":{"confidence_interval":{"confidence_level":0.95,"lower_bound":8902.855876164731,"upper_bound":9119.170787553512},"point_estimate":9006.20426726678,"standard_error":55.19774492473221},"Median":{"confidence_interval":{"confidence_level":0.95,"lower_bound":8712.304054054053,"upper_bound":8785.45540397103},"point_estimate":8750.516666226216,"standard_error":18.46904804869321},"MedianAbsDev":{"confidence_interval":{"confidence_level":0.95,"lower_bound":81.45447390776712,"upper_bound":183.54393605387114},"point_estimate":124.04313012205563,"standard_error":25.77406213989057},"Slope":{"confidence_interval":{"confidence_level":0.95,"lower_bound":8857.579830530158,"upper_bound":9084.01271510749},"point_estimate":8964.057513904376,"standard_error":57.81964980511948},"StdDev":{"confidence_interval":{"confidence_level":0.95,"lower_bound":423.6937262811855,"upper_bound":662.5589933000973},"point_estimate":554.0451898019057,"standard_error":61.075463160062526}}