{"Mean":{"confidence_interval":{"confidence_level":0.95,"lower_bound":3501.40661861169,"upper_bound":3626.5751086329856},"point_estimate":3559.979185813514,"standard_error":31.987790211138456},"Median":{"confidence_interval":{"confidence_level":0.95,"lower_bound":3408.4520017219115,"upper_bound":3460.4308859457374},"point_estimate":3429.7006986412925,"standard_error":13.463903946883029},"MedianAbsDev":{"confidence_interval":{"confidence_level":0.95,"lower_bound":76.49695783861594,"upper_bound":178.17737984040627},"point_estimate":117.30723023528819,"standard_error":26.632061942186862},"Slope":{"confidence_interval":{"confidence_level":0.95,"lower_bound":3567.310830777434,"upper_bound":3769.5785427117057},"point_estimate":3664.626687579649,"standard_error":51.59588848716314},"StdDev":{"confidence_interval":{"confidence_level":0.95,"lower_bound":227.32009260976338,"upper_bound":412.6481818688361},"point_estimate":320.9989489056242,"standard_error":48.22010948506197}}