{"Mean":{"confidence_interval":{"confidence_level":0.95,"lower_bound":38256.63800170603,"upper_bound":43620.04290554709},"point_estimate":40832.98160868022,"standard_error":1369.957745591445},"Median":{"confidence_interval":{"confidence_level":0.95,"lower_bound":35666.7393590998,"upper_bound":40807.99702380953},"point_estimate":38094.270897832816,"standard_error":1268.989109634343},"MedianAbsDev":{"confidence_interval":{"confidence_level":0.95,"lower_bound":7271.380603975131,"upper_bound":14418.452600355693},"point_estimate":9469.262427817153,"standard_error":1885.106489541953},"Slope":{"confidence_interval":{"confidence_level":0.95,"lower_bound":30696.276651849916,"upper_bound":33862.70030208964},"point_estimate":32181.831839810846,"standard_error":808.6547070529444},"StdDev":{"confidence_interval":{"confidence_level":0.95,"lower_bound":10517.3277592056,"upper_bound":16864.26647887608},"point_estimate":13765.852981089052,"standard_error":1628.5592133190992}}