{"Mean":{"confidence_interval":{"confidence_level":0.95,"lower_bound":10511.464146848273,"upper_bound":11055.980159318156},"point_estimate":10753.132679942173,"standard_error":139.5199202383563},"Median":{"confidence_interval":{"confidence_level":0.95,"lower_bound":10568.69014084507,"upper_bound":10633.616050630593},"point_estimate":10604.927255709976,"standard_error":16.40765490167082},"MedianAbsDev":{"confidence_interval":{"confidence_level":0.95,"lower_bound":124.24337089159977,"upper_bound":216.91330705922687},"point_estimate":168.64183830086327,"standard_error":23.76905330401767},"Slope":{"confidence_interval":{"confidence_level":0.95,"lower_bound":10548.10772957734,"upper_bound":10741.81899349876},"point_estimate":10623.909780658236,"standard_error":51.522154629622285},"StdDev":{"confidence_interval":{"confidence_level":0.95,"lower_bound":429.5561225683993,"upper_bound":2107.3827076065495},"point_estimate":1401.7091578748336,"standard_error":422.0568864313593}}