{"Mean":{"confidence_interval":{"confidence_level":0.95,"lower_bound":87688.30699336549,"upper_bound":99873.02577766172},"point_estimate":93858.41022479153,"standard_error":3113.4616886722933},"Median":{"confidence_interval":{"confidence_level":0.95,"lower_bound":100903.93233082707,"upper_bound":115954.07575757576},"point_estimate":114195.9477757395,"standard_error":5687.07066490925},"MedianAbsDev":{"confidence_interval":{"confidence_level":0.95,"lower_bound":7493.212742618279,"upper_bound":33996.74692977044},"point_estimate":12301.049174455176,"standard_error":7778.941227711526},"Slope":{"confidence_interval":{"confidence_level":0.95,"lower_bound":110514.92145159293,"upper_bound":114853.97557071688},"point_estimate":112895.57854883996,"standard_error":1107.449431150135},"StdDev":{"confidence_interval":{"confidence_level":0.95,"lower_bound":29409.37513931265,"upper_bound":32811.51877375784},"point_estimate":31519.20833647964,"standard_error":863.2428673002391}}