{"Mean":{"confidence_interval":{"confidence_level":0.95,"lower_bound":25188.12204546349,"upper_bound":31670.006188138435},"point_estimate":28301.761424453616,"standard_error":1650.5005086853553},"Median":{"confidence_interval":{"confidence_level":0.95,"lower_bound":19189.188679245282,"upper_bound":25562.078571428574},"point_estimate":21946.63888888889,"standard_error":1580.251192797041},"MedianAbsDev":{"confidence_interval":{"confidence_level":0.95,"lower_bound":6368.965970170288,"upper_bound":13826.639857170718},"point_estimate":9509.379845233114,"standard_error":1859.6774046838775},"Slope":{"confidence_interval":{"confidence_level":0.95,"lower_bound":16861.79341069096,"upper_bound":18639.065445384385},"point_estimate":17658.69927589774,"standard_error":453.1448689679657},"StdDev":{"confidence_interval":{"confidence_level":0.95,"lower_bound":13066.507880886256,"upper_bound":19545.012823844143},"point_estimate":16584.171082598772,"standard_error":1653.399186844133}}