{"Mean":{"confidence_interval":{"confidence_level":0.95,"lower_bound":15717.496960963877,"upper_bound":15770.601123720648},"point_estimate":15742.520241896555,"standard_error":13.544530962583089},"Median":{"confidence_interval":{"confidence_level":0.95,"lower_bound":15728.597325870647,"upper_bound":15750.214050224466},"point_estimate":15739.258872061484,"standard_error":5.319199500956376},"MedianAbsDev":{"confidence_interval":{"confidence_level":0.95,"lower_bound":47.944604383809576,"upper_bound":87.99240373500996},"point_estimate":61.480226068938805,"standard_error":10.410452143930009},"Slope":{"confidence_interval":{"confidence_level":0.95,"lower_bound":15701.867183925686,"upper_bound":15775.336870248619},"point_estimate":15737.019294923895,"standard_error":18.79359501560369},"StdDev":{"confidence_interval":{"confidence_level":0.95,"lower_bound":88.961533437835,"upper_bound":188.01602718865996},"point_estimate":136.16131236336346,"standard_error":27.23737783803027}}