{"Mean":{"confidence_interval":{"confidence_level":0.95,"lower_bound":11149.577143634568,"upper_bound":11438.764447688134},"point_estimate":11290.525384240016,"standard_error":73.69789987625967},"Median":{"confidence_interval":{"confidence_level":0.95,"lower_bound":11129.351225490196,"upper_bound":11258.836832611833},"point_estimate":11180.667965367966,"standard_error":33.38521181084456},"MedianAbsDev":{"confidence_interval":{"confidence_level":0.95,"lower_bound":202.8037355550412,"upper_bound":427.4855493977934},"point_estimate":296.99400179451385,"standard_error":61.363530136502554},"Slope":{"confidence_interval":{"confidence_level":0.95,"lower_bound":11069.167960326564,"upper_bound":11379.061391483718},"point_estimate":11212.581175311561,"standard_error":79.33817978439478},"StdDev":{"confidence_interval":{"confidence_level":0.95,"lower_bound":489.7060231159303,"upper_bound":960.0681642043351},"point_estimate":738.5721071737636,"standard_error":119.92433470822087}}