{"Mean":{"confidence_interval":{"confidence_level":0.95,"lower_bound":37078.675267821665,"upper_bound":44092.578726429565},"point_estimate":40624.4838897162,"standard_error":1790.0656569077998},"Median":{"confidence_interval":{"confidence_level":0.95,"lower_bound":42747.39759036145,"upper_bound":53144.875},"point_estimate":49440.346399535425,"standard_error":2696.3445739886133},"MedianAbsDev":{"confidence_interval":{"confidence_level":0.95,"lower_bound":7336.655744590266,"upper_bound":21775.2248752603},"point_estimate":12144.49974994081,"standard_error":3756.5760332994264},"Slope":{"confidence_interval":{"confidence_level":0.95,"lower_bound":28409.826865635172,"upper_bound":36760.234284162914},"point_estimate":32507.68431949165,"standard_error":2132.126928700015},"StdDev":{"confidence_interval":{"confidence_level":0.95,"lower_bound":16434.860607570357,"upper_bound":19124.64719858899},"point_estimate":18006.474990449264,"standard_error":680.6548601378674}}