{"Mean":{"confidence_interval":{"confidence_level":0.95,"lower_bound":3359.7297481248193,"upper_bound":3524.5524121579683},"point_estimate":3438.7685385224736,"standard_error":42.09882813558504},"Median":{"confidence_interval":{"confidence_level":0.95,"lower_bound":3197.5617769016985,"upper_bound":3468.1870520231214},"point_estimate":3325.200524938693,"standard_error":79.92524428269776},"MedianAbsDev":{"confidence_interval":{"confidence_level":0.95,"lower_bound":240.8014888358233,"upper_bound":511.56862406337444},"point_estimate":410.41519991285816,"standard_error":83.44928085684481},"Slope":{"confidence_interval":{"confidence_level":0.95,"lower_bound":3261.55781216916,"upper_bound":3411.6615050068935},"point_estimate":3332.0609885272884,"standard_error":38.25439856637052},"StdDev":{"confidence_interval":{"confidence_level":0.95,"lower_bound":333.1234957954526,"upper_bound":527.9425304124001},"point_estimate":421.4064356683281,"standard_error":53.061586681833994}}