{"Mean":{"confidence_interval":{"confidence_level":0.95,"lower_bound":12532.41925380619,"upper_bound":14559.477579226197},"point_estimate":13501.504437819298,"standard_error":518.4625172825313},"Median":{"confidence_interval":{"confidence_level":0.95,"lower_bound":11010.354166666666,"upper_bound":12690.309523809523},"point_estimate":11829.403246753247,"standard_error":439.7283887011504},"MedianAbsDev":{"confidence_interval":{"confidence_level":0.95,"lower_bound":2255.072843852367,"upper_bound":4255.8380171729},"point_estimate":2877.262857742243,"standard_error":527.2244218352682},"Slope":{"confidence_interval":{"confidence_level":0.95,"lower_bound":10075.156611202383,"upper_bound":10766.803189737115},"point_estimate":10390.827610462538,"standard_error":175.86765939786548},"StdDev":{"confidence_interval":{"confidence_level":0.95,"lower_bound":3887.848829348292,"upper_bound":6438.633295384511},"point_estimate":5214.394147754801,"standard_error":652.4574012779052}}