{"Mean":{"confidence_interval":{"confidence_level":0.95,"lower_bound":136130.20442010797,"upper_bound":141519.5676936126},"point_estimate":138523.89486401013,"standard_error":1381.9185698227361},"Median":{"confidence_interval":{"confidence_level":0.95,"lower_bound":134805.54901960783,"upper_bound":136447.45433503098},"point_estimate":135680.26783459596,"standard_error":406.8514788485964},"MedianAbsDev":{"confidence_interval":{"confidence_level":0.95,"lower_bound":2696.9437588913197,"upper_bound":5356.2230447131415},"point_estimate":3606.5398963877847,"standard_error":710.2542983353297},"Slope":{"confidence_interval":{"confidence_level":0.95,"lower_bound":134734.2391462566,"upper_bound":138796.89742962405},"point_estimate":136689.52555834688,"standard_error":1042.8084017032686},"StdDev":{"confidence_interval":{"confidence_level":0.95,"lower_bound":6916.726018147822,"upper_bound":20373.957394615336},"point_estimate":13893.480883298149,"standard_error":3576.421143250649}}