{"Mean":{"confidence_interval":{"confidence_level":0.95,"lower_bound":126033.0031862877,"upper_bound":129011.17767462619},"point_estimate":127360.09350913351,"standard_error":760.030388224882},"Median":{"confidence_interval":{"confidence_level":0.95,"lower_bound":125383.88888888889,"upper_bound":127612.55769230769},"point_estimate":126426.25040799673,"standard_error":525.2510739867736},"MedianAbsDev":{"confidence_interval":{"confidence_level":0.95,"lower_bound":2922.009412251567,"upper_bound":5252.359092694019},"point_estimate":4175.945876919145,"standard_error":588.7900987859268},"Slope":{"confidence_interval":{"confidence_level":0.95,"lower_bound":127018.29535302745,"upper_bound":130189.86779743143},"point_estimate":128521.40503916063,"standard_error":810.1336831321231},"StdDev":{"confidence_interval":{"confidence_level":0.95,"lower_bound":4250.510236909326,"upper_bound":11351.24905838624},"point_estimate":7651.0843702173115,"standard_error":2108.5518145015208}}