{"Mean":{"confidence_interval":{"confidence_level":0.95,"lower_bound":82927.13191610502,"upper_bound":88166.43870036627},"point_estimate":85689.5774622557,"standard_error":1333.8545546232358},"Median":{"confidence_interval":{"confidence_level":0.95,"lower_bound":82498.77310924369,"upper_bound":86050.65555555555},"point_estimate":83566.27849210988,"standard_error":1077.3917241148235},"MedianAbsDev":{"confidence_interval":{"confidence_level":0.95,"lower_bound":2985.822483853796,"upper_bound":8183.857523217157},"point_estimate":4806.214717638118,"standard_error":1385.8096408187866},"Slope":{"confidence_interval":{"confidence_level":0.95,"lower_bound":75090.48427890884,"upper_bound":85560.37699103805},"point_estimate":80687.68908526674,"standard_error":2689.262685904851},"StdDev":{"confidence_interval":{"confidence_level":0.95,"lower_bound":8579.819671512148,"upper_bound":17412.39895978586},"point_estimate":13372.847444946345,"standard_error":2221.1904861656103}}