{"Mean":{"confidence_interval":{"confidence_level":0.95,"lower_bound":23061.01109707475,"upper_bound":30334.6753475785},"point_estimate":26555.644021757096,"standard_error":1869.2378059997964},"Median":{"confidence_interval":{"confidence_level":0.95,"lower_bound":18008.98717948718,"upper_bound":24086.9279233871},"point_estimate":20437.90533717995,"standard_error":1608.7699107496796},"MedianAbsDev":{"confidence_interval":{"confidence_level":0.95,"lower_bound":7028.037655537654,"upper_bound":13912.465437095272},"point_estimate":10344.896681579949,"standard_error":1793.6037004956902},"Slope":{"confidence_interval":{"confidence_level":0.95,"lower_bound":14481.73766548576,"upper_bound":16512.81326870921},"point_estimate":15436.636533175706,"standard_error":514.314015762589},"StdDev":{"confidence_interval":{"confidence_level":0.95,"lower_bound":14580.537379473919,"upper_bound":22252.507932826215},"point_estimate":18773.22432237329,"standard_error":1964.3593928089313}}