{"Mean":{"confidence_interval":{"confidence_level":0.95,"lower_bound":50439.2485629428,"upper_bound":53317.082971305674},"point_estimate":51996.20866714428,"standard_error":737.5991833013738},"Median":{"confidence_interval":{"confidence_level":0.95,"lower_bound":52414.5838028169,"upper_bound":53099.875},"point_estimate":52780.3764619883,"standard_error":163.09129656092443},"MedianAbsDev":{"confidence_interval":{"confidence_level":0.95,"lower_bound":1233.1264061076292,"upper_bound":2196.4355620689125},"point_estimate":1567.6472639189037,"standard_error":250.8409378073675},"Slope":{"confidence_interval":{"confidence_level":0.95,"lower_bound":49516.93744311451,"upper_bound":52815.252338950246},"point_estimate":51359.06757204079,"standard_error":841.668301162621},"StdDev":{"confidence_interval":{"confidence_level":0.95,"lower_bound":4252.099098699879,"upper_bound":9916.394498284924},"point_estimate":7407.340604594808,"standard_error":1466.578201622553}}