{"Mean":{"confidence_interval":{"confidence_level":0.95,"lower_bound":45661.90483552306,"upper_bound":49718.95998283519},"point_estimate":47811.89123033738,"standard_error":1037.9688637394747},"Median":{"confidence_interval":{"confidence_level":0.95,"lower_bound":50482.71428571428,"upper_bound":51118.9091025641},"point_estimate":50658.819891640866,"standard_error":158.79852385850097},"MedianAbsDev":{"confidence_interval":{"confidence_level":0.95,"lower_bound":946.0892861611129,"upper_bound":2055.4799447972437},"point_estimate":1241.776317954062,"standard_error":301.1194558149034},"Slope":{"confidence_interval":{"confidence_level":0.95,"lower_bound":45354.59715452539,"upper_bound":49677.01913232387},"point_estimate":47739.82002659968,"standard_error":1102.3289665968161},"StdDev":{"confidence_interval":{"confidence_level":0.95,"lower_bound":7441.384572505874,"upper_bound":12741.884928192654},"point_estimate":10403.911617351909,"standard_error":1394.124887119233}}