{"Mean":{"confidence_interval":{"confidence_level":0.95,"lower_bound":17749.66586328459,"upper_bound":18545.76556950508},"point_estimate":18094.472838773137,"standard_error":204.85048973061916},"Median":{"confidence_interval":{"confidence_level":0.95,"lower_bound":17240.742196812196,"upper_bound":17424.89167344602},"point_estimate":17322.303605100118,"standard_error":46.340569053313736},"MedianAbsDev":{"confidence_interval":{"confidence_level":0.95,"lower_bound":162.17868230033935,"upper_bound":407.33384817378686},"point_estimate":263.84029610213935,"standard_error":62.30414665134215},"Slope":{"confidence_interval":{"confidence_level":0.95,"lower_bound":17447.133537665366,"upper_bound":17848.19383632347},"point_estimate":17619.8439734163,"standard_error":102.93734045580513},"StdDev":{"confidence_interval":{"confidence_level":0.95,"lower_bound":1031.0448572610658,"upper_bound":3109.006891163902},"point_estimate":2052.309029656965,"standard_error":639.8336815633404}}