{"Mean":{"confidence_interval":{"confidence_level":0.95,"lower_bound":28168.176428532908,"upper_bound":29891.641632989966},"point_estimate":29102.221991100814,"standard_error":441.30405934765105},"Median":{"confidence_interval":{"confidence_level":0.95,"lower_bound":29296.136002886004,"upper_bound":30198.783681214423},"point_estimate":29736.441443179625,"standard_error":223.6578158796444},"MedianAbsDev":{"confidence_interval":{"confidence_level":0.95,"lower_bound":1480.4590084292427,"upper_bound":2563.9251292691088},"point_estimate":1888.8616668612592,"standard_error":284.4907818340831},"Slope":{"confidence_interval":{"confidence_level":0.95,"lower_bound":28292.370842642616,"upper_bound":29620.48080101095},"point_estimate":29007.82483818531,"standard_error":336.98649576020625},"StdDev":{"confidence_interval":{"confidence_level":0.95,"lower_bound":2315.069700066569,"upper_bound":6058.824450254895},"point_estimate":4432.293941226838,"standard_error":913.7852263448436}}