{"Mean":{"confidence_interval":{"confidence_level":0.95,"lower_bound":3768.6009294388828,"upper_bound":3965.9163922342373},"point_estimate":3865.1895965175163,"standard_error":50.158057952519215},"Median":{"confidence_interval":{"confidence_level":0.95,"lower_bound":3842.440972222222,"upper_bound":3907.9673289763623},"point_estimate":3876.4086126512098,"standard_error":16.362436877497682},"MedianAbsDev":{"confidence_interval":{"confidence_level":0.95,"lower_bound":97.07805067353749,"upper_bound":279.8000489770488},"point_estimate":162.05038337303048,"standard_error":50.63052144288805},"Slope":{"confidence_interval":{"confidence_level":0.95,"lower_bound":3669.247125098841,"upper_bound":4066.392964307265},"point_estimate":3851.0929097088815,"standard_error":101.74152986432424},"StdDev":{"confidence_interval":{"confidence_level":0.95,"lower_bound":351.0768287311826,"upper_bound":645.4793256947933},"point_estimate":504.5547930087999,"standard_error":75.27454409728034}}