{"Mean":{"confidence_interval":{"confidence_level":0.95,"lower_bound":16941.53859692272,"upper_bound":17586.43431589825},"point_estimate":17225.62073306318,"standard_error":165.5144792449648},"Median":{"confidence_interval":{"confidence_level":0.95,"lower_bound":16728.785057471265,"upper_bound":17108.445001657827},"point_estimate":16921.363187646115,"standard_error":102.2856397613098},"MedianAbsDev":{"confidence_interval":{"confidence_level":0.95,"lower_bound":503.80910198820357,"upper_bound":778.4179613646238},"point_estimate":624.1472771301961,"standard_error":69.44277631851223},"Slope":{"confidence_interval":{"confidence_level":0.95,"lower_bound":16958.914019503696,"upper_bound":17428.113667607482},"point_estimate":17176.823039598865,"standard_error":119.7026071663892},"StdDev":{"confidence_interval":{"confidence_level":0.95,"lower_bound":808.8251210429228,"upper_bound":2488.8305876462296},"point_estimate":1662.35093274828,"standard_error":465.9980023254813}}