{"Mean":{"confidence_interval":{"confidence_level":0.95,"lower_bound":33444.19499559048,"upper_bound":34661.53874232277},"point_estimate":33895.89727633304,"standard_error":337.42094219646026},"Median":{"confidence_interval":{"confidence_level":0.95,"lower_bound":33189.62857142857,"upper_bound":33442.23784251221},"point_estimate":33296.62818829708,"standard_error":62.939373921205224},"MedianAbsDev":{"confidence_interval":{"confidence_level":0.95,"lower_bound":303.2502779132863,"upper_bound":573.1890119017888},"point_estimate":428.82627772772145,"standard_error":72.48330096379124},"Slope":{"confidence_interval":{"confidence_level":0.95,"lower_bound":33400.2401228683,"upper_bound":33899.71969582613},"point_estimate":33631.63020846967,"standard_error":128.15274930019382},"StdDev":{"confidence_interval":{"confidence_level":0.95,"lower_bound":665.2029583095981,"upper_bound":5677.910833645367},"point_estimate":3378.5314492861457,"standard_error":1713.4057832085243}}