{"Mean":{"confidence_interval":{"confidence_level":0.95,"lower_bound":76682.68471916924,"upper_bound":80943.22868803398},"point_estimate":79013.52100860489,"standard_error":1092.3323480552995},"Median":{"confidence_interval":{"confidence_level":0.95,"lower_bound":79614.97272143773,"upper_bound":80516.76923076923},"point_estimate":79804.15909090909,"standard_error":264.25072051528383},"MedianAbsDev":{"confidence_interval":{"confidence_level":0.95,"lower_bound":1344.9918868908476,"upper_bound":2828.2895246516673},"point_estimate":1965.6743473460212,"standard_error":390.1115037058559},"Slope":{"confidence_interval":{"confidence_level":0.95,"lower_bound":69503.02698281672,"upper_bound":80412.02213574696},"point_estimate":75343.34858578396,"standard_error":2824.8153162529156},"StdDev":{"confidence_interval":{"confidence_level":0.95,"lower_bound":6135.918811174097,"upper_bound":14995.517530801691},"point_estimate":11040.630296684267,"standard_error":2423.0976928725763}}