{"Mean":{"confidence_interval":{"confidence_level":0.95,"lower_bound":2354.572024006531,"upper_bound":2477.824612600208},"point_estimate":2414.7044407083304,"standard_error":31.63506803685923},"Median":{"confidence_interval":{"confidence_level":0.95,"lower_bound":2263.59283625731,"upper_bound":2354.895534290271},"point_estimate":2301.214343770265,"standard_error":25.159411490191875},"MedianAbsDev":{"confidence_interval":{"confidence_level":0.95,"lower_bound":129.19741556593658,"upper_bound":288.85177552788},"point_estimate":173.4481346262425,"standard_error":42.16809083686112},"Slope":{"confidence_interval":{"confidence_level":0.95,"lower_bound":2360.535612634097,"upper_bound":2519.5401364465165},"point_estimate":2438.0586348611296,"standard_error":40.5923652560157},"StdDev":{"confidence_interval":{"confidence_level":0.95,"lower_bound":266.03287188900975,"upper_bound":363.8386095655093},"point_estimate":319.134536753204,"standard_error":24.982452089954133}}