{"Mean":{"confidence_interval":{"confidence_level":0.95,"lower_bound":128411.83251034615,"upper_bound":135119.67393516487},"point_estimate":131617.98100323073,"standard_error":1717.2760437200777},"Median":{"confidence_interval":{"confidence_level":0.95,"lower_bound":124081.68604073522,"upper_bound":127536.64},"point_estimate":126278.35795454546,"standard_error":929.6911179794705},"MedianAbsDev":{"confidence_interval":{"confidence_level":0.95,"lower_bound":5388.982377209875,"upper_bound":10927.475867296595},"point_estimate":8055.807341355834,"standard_error":1422.5303359720535},"Slope":{"confidence_interval":{"confidence_level":0.95,"lower_bound":120354.01006486439,"upper_bound":122837.31291577572},"point_estimate":121528.14912368849,"standard_error":631.3679931635841},"StdDev":{"confidence_interval":{"confidence_level":0.95,"lower_bound":12913.795458984952,"upper_bound":20822.894366578694},"point_estimate":17255.412306743445,"standard_error":2019.173137544341}}