{"Mean":{"confidence_interval":{"confidence_level":0.95,"lower_bound":19350.221422892064,"upper_bound":22585.845011905236},"point_estimate":20907.220836248318,"standard_error":822.5688706162366},"Median":{"confidence_interval":{"confidence_level":0.95,"lower_bound":17135.09440888554,"upper_bound":20570.245614035088},"point_estimate":18309.63663301141,"standard_error":857.1210106193407},"MedianAbsDev":{"confidence_interval":{"confidence_level":0.95,"lower_bound":4538.411713741467,"upper_bound":7850.197455867072},"point_estimate":5778.093116547228,"standard_error":841.6574102328788},"Slope":{"confidence_interval":{"confidence_level":0.95,"lower_bound":16140.414020512371,"upper_bound":17697.807830408634},"point_estimate":16845.779544850007,"standard_error":396.5490554983929},"StdDev":{"confidence_interval":{"confidence_level":0.95,"lower_bound":6676.621914445597,"upper_bound":9623.546522151732},"point_estimate":8267.28404742568,"standard_error":750.7843670500373}}