{"Mean":{"confidence_interval":{"confidence_level":0.95,"lower_bound":178707.58045631295,"upper_bound":185461.67074276146},"point_estimate":181990.14060300606,"standard_error":1721.2749300595594},"Median":{"confidence_interval":{"confidence_level":0.95,"lower_bound":176536.74599517227,"upper_bound":179029.23511904763},"point_estimate":177498.40967261905,"standard_error":612.1562120933999},"MedianAbsDev":{"confidence_interval":{"confidence_level":0.95,"lower_bound":3788.643994162955,"upper_bound":7107.003232073502},"point_estimate":5360.458876568939,"standard_error":837.8849501896262},"Slope":{"confidence_interval":{"confidence_level":0.95,"lower_bound":180907.3471359962,"upper_bound":186347.63295464616},"point_estimate":183452.03440667948,"standard_error":1388.2283949213136},"StdDev":{"confidence_interval":{"confidence_level":0.95,"lower_bound":12039.805697082023,"upper_bound":22210.700137613945},"point_estimate":17326.840639670063,"standard_error":2605.1800747477278}}