{"Mean":{"confidence_interval":{"confidence_level":0.95,"lower_bound":63606.75720428552,"upper_bound":65325.17892265967},"point_estimate":64460.428073470124,"standard_error":437.5460288527466},"Median":{"confidence_interval":{"confidence_level":0.95,"lower_bound":63468.69220430108,"upper_bound":64119.12223071046},"point_estimate":63936.9,"standard_error":142.7717680249161},"MedianAbsDev":{"confidence_interval":{"confidence_level":0.95,"lower_bound":986.8068795830757,"upper_bound":1845.7513305120067},"point_estimate":1497.7661935019282,"standard_error":208.232134615226},"Slope":{"confidence_interval":{"confidence_level":0.95,"lower_bound":64680.533027680736,"upper_bound":66668.61929176685},"point_estimate":65612.25908502044,"standard_error":508.8175117013229},"StdDev":{"confidence_interval":{"confidence_level":0.95,"lower_bound":3133.491064313545,"upper_bound":5492.439264710125},"point_estimate":4395.508559720922,"standard_error":599.5470253320535}}