{"Mean":{"confidence_interval":{"confidence_level":0.95,"lower_bound":177726.8464704805,"upper_bound":182373.37408248984},"point_estimate":180046.3726032364,"standard_error":1179.8557167408433},"Median":{"confidence_interval":{"confidence_level":0.95,"lower_bound":178141.17904411763,"upper_bound":179769.98958333334},"point_estimate":179077.68680555554,"standard_error":449.63116433964007},"MedianAbsDev":{"confidence_interval":{"confidence_level":0.95,"lower_bound":2537.341659272287,"upper_bound":4353.401867129915},"point_estimate":3311.3498132984046,"standard_error":475.1582361396214},"Slope":{"confidence_interval":{"confidence_level":0.95,"lower_bound":177729.4235812723,"upper_bound":184340.83138079543},"point_estimate":180809.90426826265,"standard_error":1683.6733379221089},"StdDev":{"confidence_interval":{"confidence_level":0.95,"lower_bound":7319.0598768763375,"upper_bound":15681.343035271655},"point_estimate":11803.084840174184,"standard_error":2133.4759643082584}}