{"Mean":{"confidence_interval":{"confidence_level":0.95,"lower_bound":16453.11307515557,"upper_bound":23315.062750134388},"point_estimate":19647.858875813465,"standard_error":1751.9268821791068},"Median":{"confidence_interval":{"confidence_level":0.95,"lower_bound":14053.75,"upper_bound":16805.32857142857},"point_estimate":15507.735159817352,"standard_error":727.6440454128606},"MedianAbsDev":{"confidence_interval":{"confidence_level":0.95,"lower_bound":3795.8118498352096,"upper_bound":8134.794324655455},"point_estimate":5245.519339504994,"standard_error":1222.5954796078995},"Slope":{"confidence_interval":{"confidence_level":0.95,"lower_bound":14744.031716750618,"upper_bound":15980.471630997978},"point_estimate":15317.358155755874,"standard_error":314.4887165429071},"StdDev":{"confidence_interval":{"confidence_level":0.95,"lower_bound":11706.175008179323,"upper_bound":22195.100540791325},"point_estimate":17597.79845500476,"standard_error":2684.2372302534654}}