{"Mean":{"confidence_interval":{"confidence_level":0.95,"lower_bound":1774.0518236613054,"upper_bound":1836.601652300624},"point_estimate":1804.5242516929748,"standard_error":16.00328245171586},"Median":{"confidence_interval":{"confidence_level":0.95,"lower_bound":1749.6617829897618,"upper_bound":1835.7807769323188},"point_estimate":1775.2495802655494,"standard_error":25.354065630927735},"MedianAbsDev":{"confidence_interval":{"confidence_level":0.95,"lower_bound":113.07164939984466,"upper_bound":175.52595799168634},"point_estimate":146.85813550883907,"standard_error":15.484378516214466},"Slope":{"confidence_interval":{"confidence_level":0.95,"lower_bound":1767.2424059979178,"upper_bound":1828.155363937651},"point_estimate":1797.3125429770935,"standard_error":15.528119347959429},"StdDev":{"confidence_interval":{"confidence_level":0.95,"lower_bound":131.32655329578094,"upper_bound":187.1358394154223},"point_estimate":160.88226047308024,"standard_error":14.24873943929547}}