{"Mean":{"confidence_interval":{"confidence_level":0.95,"lower_bound":28000.386009955593,"upper_bound":28774.497193903077},"point_estimate":28366.77647894824,"standard_error":197.26395571220897},"Median":{"confidence_interval":{"confidence_level":0.95,"lower_bound":27482.181034482757,"upper_bound":28136.712987012987},"point_estimate":27754.466934189404,"standard_error":160.34052041880324},"MedianAbsDev":{"confidence_interval":{"confidence_level":0.95,"lower_bound":892.0530430490547,"upper_bound":1636.4718563314316},"point_estimate":1204.7899085153158,"standard_error":193.468295356706},"Slope":{"confidence_interval":{"confidence_level":0.95,"lower_bound":27856.917805646364,"upper_bound":28553.965744814133},"point_estimate":28197.94302349638,"standard_error":178.26021027060509},"StdDev":{"confidence_interval":{"confidence_level":0.95,"lower_bound":1404.5553138929142,"upper_bound":2547.592385445559},"point_estimate":1984.8636363505611,"standard_error":295.42226666457736}}