{"Mean":{"confidence_interval":{"confidence_level":0.95,"lower_bound":115481.70034636058,"upper_bound":127530.75430185602},"point_estimate":121591.76562295134,"standard_error":3075.0550644682544},"Median":{"confidence_interval":{"confidence_level":0.95,"lower_bound":129106.43055555556,"upper_bound":137204.26923076922},"point_estimate":134141.74770845653,"standard_error":2158.672958732537},"MedianAbsDev":{"confidence_interval":{"confidence_level":0.95,"lower_bound":11435.452143589633,"upper_bound":26957.71890563176},"point_estimate":16950.860085237302,"standard_error":4179.354771649988},"Slope":{"confidence_interval":{"confidence_level":0.95,"lower_bound":105173.44016056169,"upper_bound":123424.18053350576},"point_estimate":114293.56743313138,"standard_error":4650.432890803644},"StdDev":{"confidence_interval":{"confidence_level":0.95,"lower_bound":26971.003833285482,"upper_bound":34100.74435813369},"point_estimate":31021.115755147435,"standard_error":1824.3512790440634}}