{"Mean":{"confidence_interval":{"confidence_level":0.95,"lower_bound":118519.33204532256,"upper_bound":129927.59210241758},"point_estimate":124210.61527908938,"standard_error":2909.2994238924257},"Median":{"confidence_interval":{"confidence_level":0.95,"lower_bound":119909.5,"upper_bound":122988.09226190476},"point_estimate":121972.54927884616,"standard_error":842.6672506253859},"MedianAbsDev":{"confidence_interval":{"confidence_level":0.95,"lower_bound":7183.882163180578,"upper_bound":13439.270123828548},"point_estimate":11124.610244889995,"standard_error":1636.0434243087282},"Slope":{"confidence_interval":{"confidence_level":0.95,"lower_bound":111212.02227660976,"upper_bound":118813.34949951207},"point_estimate":115367.50555933206,"standard_error":1943.7058775890766},"StdDev":{"confidence_interval":{"confidence_level":0.95,"lower_bound":22076.42339023583,"upper_bound":35448.73285609611},"point_estimate":29196.51065525178,"standard_error":3399.0842983572647}}