{"Mean":{"confidence_interval":{"confidence_level":0.95,"lower_bound":44641.74530061932,"upper_bound":53275.6329682252},"point_estimate":48943.772711722384,"standard_error":2200.82201808279},"Median":{"confidence_interval":{"confidence_level":0.95,"lower_bound":49080.094452773614,"upper_bound":55603.32835820896},"point_estimate":50979.3016194332,"standard_error":1707.61462399167},"MedianAbsDev":{"confidence_interval":{"confidence_level":0.95,"lower_bound":8749.499401311918,"upper_bound":24558.03361928865},"point_estimate":13684.929769221304,"standard_error":4303.556138658477},"Slope":{"confidence_interval":{"confidence_level":0.95,"lower_bound":44686.05900221252,"upper_bound":49755.69255730171},"point_estimate":47430.2278321265,"standard_error":1292.7245222705887},"StdDev":{"confidence_interval":{"confidence_level":0.95,"lower_bound":19265.58081517379,"upper_bound":24703.497817046282},"point_estimate":22176.02246896077,"standard_error":1383.79847848401}}