{"Mean":{"confidence_interval":{"confidence_level":0.95,"lower_bound":9715.746483209952,"upper_bound":10292.931702577702},"point_estimate":10004.013044650292,"standard_error":146.66917907622897},"Median":{"confidence_interval":{"confidence_level":0.95,"lower_bound":9813.223396734174,"upper_bound":10085.237373737375},"point_estimate":9944.05048076923,"standard_error":84.45483871192975},"MedianAbsDev":{"confidence_interval":{"confidence_level":0.95,"lower_bound":375.99306828863024,"upper_bound":626.5195174484824},"point_estimate":510.0589402234895,"standard_error":65.48764516453971},"Slope":{"confidence_interval":{"confidence_level":0.95,"lower_bound":9633.960857488799,"upper_bound":10418.33893316856},"point_estimate":10039.652738288754,"standard_error":199.9869845318351},"StdDev":{"confidence_interval":{"confidence_level":0.95,"lower_bound":1051.1919639391613,"upper_bound":1846.2359034356812},"point_estimate":1476.0437658858646,"standard_error":202.50098794816577}}