{"Mean":{"confidence_interval":{"confidence_level":0.95,"lower_bound":261317.61657444402,"upper_bound":281156.72644853604},"point_estimate":271838.50803010794,"standard_error":5072.767785595697},"Median":{"confidence_interval":{"confidence_level":0.95,"lower_bound":280495.7894736842,"upper_bound":291234.156626506},"point_estimate":287480.4667033572,"standard_error":2428.6222482472717},"MedianAbsDev":{"confidence_interval":{"confidence_level":0.95,"lower_bound":14567.351958053669,"upper_bound":26859.825682233655},"point_estimate":22240.699595227827,"standard_error":3241.7465147234043},"Slope":{"confidence_interval":{"confidence_level":0.95,"lower_bound":260786.5286312514,"upper_bound":284402.33973567263},"point_estimate":273569.18792670313,"standard_error":6056.749416975589},"StdDev":{"confidence_interval":{"confidence_level":0.95,"lower_bound":35772.96948169741,"upper_bound":63342.14954875789},"point_estimate":50994.94896728882,"standard_error":7026.91669152263}}