{"Mean":{"confidence_interval":{"confidence_level":0.95,"lower_bound":3430.0071889750725,"upper_bound":3830.4741569708312},"point_estimate":3620.4020919590566,"standard_error":102.47505558809449},"Median":{"confidence_interval":{"confidence_level":0.95,"lower_bound":3040.688228551132,"upper_bound":3527.4876003610625},"point_estimate":3141.1637009707893,"standard_error":124.01752243528716},"MedianAbsDev":{"confidence_interval":{"confidence_level":0.95,"lower_bound":223.1520160254298,"upper_bound":835.4862997591831},"point_estimate":407.62231735480754,"standard_error":159.22940662388567},"Slope":{"confidence_interval":{"confidence_level":0.95,"lower_bound":3308.3178604546138,"upper_bound":3651.8282119001206},"point_estimate":3472.42988506843,"standard_error":87.74173275932539},"StdDev":{"confidence_interval":{"confidence_level":0.95,"lower_bound":742.5797463273021,"upper_bound":1276.1498713345745},"point_estimate":1028.3139015140578,"standard_error":136.99538882625492}}