{"Mean":{"confidence_interval":{"confidence_level":0.95,"lower_bound":91683.6237996086,"upper_bound":102975.74389177361},"point_estimate":97487.81825758834,"standard_error":2892.882414496281},"Median":{"confidence_interval":{"confidence_level":0.95,"lower_bound":109535.15835789838,"upper_bound":112068.6884057971},"point_estimate":111321.03043143297,"standard_error":703.8624326971059},"MedianAbsDev":{"confidence_interval":{"confidence_level":0.95,"lower_bound":5914.889998220477,"upper_bound":12755.208890424781},"point_estimate":7932.462324830184,"standard_error":1833.280964503612},"Slope":{"confidence_interval":{"confidence_level":0.95,"lower_bound":85450.76311036017,"upper_bound":103535.21154469668},"point_estimate":94595.92450568937,"standard_error":4622.6169845949535},"StdDev":{"confidence_interval":{"confidence_level":0.95,"lower_bound":24567.453138209625,"upper_bound":32205.476310759055},"point_estimate":28943.187413415082,"standard_error":1954.803952258168}}